id,date,latitude,longitude,priority,ambulance,start_time,TO_INCIDENT_duration,AT_INCIDENT_duration,TO_HOSPITAL_duration,AT_HOSPITAL_duration,TO_BASE_duration,OTHER_duration,hospital_latitude,hospital_longitude
1,2019-01-31 00:10:46.100,32.89396777923426,-117.24409353303805,,4,2019-01-31 00:10:46.100,0 days 00:18:53.000000000,0 days 00:13:02.000000000,0 days 00:17:37.000000000,0 days 00:19:13.000000000,0 days 00:19:16.000000000,0 days 00:00:00.000000000,32.879802,-117.236564
2,2019-01-31 00:21:42.100,32.881436923302886,-117.2361645522985,,1,2019-01-31 00:21:42.100,0 days 00:14:25.000000000,0 days 00:16:30.000000000,0 days 00:15:13.000000000,0 days 00:14:24.000000000,0 days 00:10:51.000000000,0 days 00:00:00.000000000,32.879802,-117.236564
3,2019-01-31 00:35:15.100,32.87775857724662,-117.2486591333587,,0,2019-01-31 00:35:15.100,0 days 00:18:25.000000000,0 days 00:12:44.000000000,0 days 00:18:17.000000000,0 days 00:16:47.000000000,0 days 00:13:17.000000000,0 days 00:00:00.000000000,32.879802,-117.236564
4,2019-01-31 00:43:55.100,32.87142436573977,-117.24186925478753,,5,2019-01-31 00:43:55.100,0 days 00:17:05.000000000,0 days 00:10:38.000000000,0 days 00:11:16.000000000,0 days 00:15:08.000000000,0 days 00:11:58.000000000,0 days 00:00:00.000000000,32.888216,-117.239697
5,2019-01-31 00:55:41.100,32.88487465355805,-117.22626762156362,,3,2019-01-31 00:55:41.100,0 days 00:15:20.000000000,0 days 00:14:12.000000000,0 days 00:13:49.000000000,0 days 00:17:19.000000000,0 days 00:12:28.000000000,0 days 00:00:00.000000000,32.888216,-117.239697
6,2019-01-31 01:10:58.100,32.875784689052544,-117.2267714119246,,2,2019-01-31 01:10:58.100,0 days 00:11:46.000000000,0 days 00:14:35.000000000,0 days 00:12:47.000000000,0 days 00:19:57.000000000,0 days 00:13:16.000000000,0 days 00:00:00.000000000,32.888216,-117.239697
7,2019-01-31 01:19:55.100,32.89262640795467,-117.24766694316203,,1,2019-01-31 01:33:05.100,0 days 00:16:43.000000000,0 days 00:18:23.000000000,0 days 00:19:39.000000000,0 days 00:11:15.000000000,0 days 00:15:08.000000000,0 days 00:00:00.000000000,32.879802,-117.236564
8,2019-01-31 01:33:29.100,32.87465664690633,-117.2342388268733,,4,2019-01-31 01:38:47.100,0 days 00:11:58.000000000,0 days 00:11:06.000000000,0 days 00:15:21.000000000,0 days 00:19:58.000000000,0 days 00:13:50.000000000,0 days 00:00:00.000000000,32.879802,-117.236564
9,2019-01-31 01:51:23.100,32.87970785018852,-117.24343638001488,,5,2019-01-31 01:51:23.100,0 days 00:14:12.000000000,0 days 00:19:36.000000000,0 days 00:12:34.000000000,0 days 00:18:31.000000000,0 days 00:10:04.000000000,0 days 00:00:00.000000000,32.888216,-117.239697
10,2019-01-31 02:07:24.100,32.88227997545437,-117.24284165217061,,0,2019-01-31 02:07:24.100,0 days 00:13:00.000000000,0 days 00:12:31.000000000,0 days 00:10:51.000000000,0 days 00:17:51.000000000,0 days 00:12:55.000000000,0 days 00:00:00.000000000,32.879802,-117.236564
11,2019-01-31 02:19:26.100,32.89001788918283,-117.22403490409229,,3,2019-01-31 02:19:26.100,0 days 00:20:00.000000000,0 days 00:14:25.000000000,0 days 00:11:58.000000000,0 days 00:16:20.000000000,0 days 00:17:06.000000000,0 days 00:00:00.000000000,32.888216,-117.239697
12,2019-01-31 02:36:10.100,32.885482259612175,-117.24733563205822,,2,2019-01-31 02:36:10.100,0 days 00:12:43.000000000,0 days 00:14:04.000000000,0 days 00:18:52.000000000,0 days 00:14:03.000000000,0 days 00:18:11.000000000,0 days 00:00:00.000000000,32.888216,-117.239697
13,2019-01-31 02:49:19.100,32.870052893832494,-117.2251951725503,,4,2019-01-31 02:51:00.100,0 days 00:13:50.000000000,0 days 00:15:18.000000000,0 days 00:15:02.000000000,0 days 00:10:51.000000000,0 days 00:13:33.000000000,0 days 00:00:00.000000000,32.888216,-117.239697
14,2019-01-31 02:57:43.100,32.87046603624803,-117.24152336898098,,1,2019-01-31 02:57:43.100,0 days 00:13:06.000000000,0 days 00:11:31.000000000,0 days 00:17:35.000000000,0 days 00:17:28.000000000,0 days 00:12:34.000000000,0 days 00:00:00.000000000,32.879802,-117.236564
15,2019-01-31 03:13:16.100,32.86642922685127,-117.23689768116633,,5,2019-01-31 03:13:16.100,0 days 00:12:55.000000000,0 days 00:11:29.000000000,0 days 00:10:29.000000000,0 days 00:13:57.000000000,0 days 00:19:57.000000000,0 days 00:00:00.000000000,32.879802,-117.236564
16,2019-01-31 03:25:24.100,32.89003042255797,-117.2291495946088,,0,2019-01-31 03:25:24.100,0 days 00:15:54.000000000,0 days 00:13:26.000000000,0 days 00:10:10.000000000,0 days 00:19:44.000000000,0 days 00:11:27.000000000,0 days 00:00:00.000000000,32.888216,-117.239697
17,2019-01-31 03:40:23.100,32.88637668029519,-117.25230635730198,,3,2019-01-31 03:40:23.100,0 days 00:18:54.000000000,0 days 00:15:45.000000000,0 days 00:11:59.000000000,0 days 00:17:22.000000000,0 days 00:12:00.000000000,0 days 00:00:00.000000000,32.888216,-117.239697
18,2019-01-31 03:50:58.100,32.884623990619765,-117.2234920663475,,2,2019-01-31 03:54:03.100,0 days 00:13:33.000000000,0 days 00:18:57.000000000,0 days 00:10:31.000000000,0 days 00:15:14.000000000,0 days 00:10:20.000000000,0 days 00:00:00.000000000,32.879802,-117.236564
19,2019-01-31 04:08:31.100,32.88183709450399,-117.23234100747521,,4,2019-01-31 04:08:31.100,0 days 00:14:07.000000000,0 days 00:18:40.000000000,0 days 00:13:04.000000000,0 days 00:13:14.000000000,0 days 00:16:24.000000000,0 days 00:00:00.000000000,32.879802,-117.236564
20,2019-01-31 04:16:43.100,32.88100766502726,-117.23629878622428,,1,2019-01-31 04:16:43.100,0 days 00:17:57.000000000,0 days 00:12:11.000000000,0 days 00:19:42.000000000,0 days 00:19:13.000000000,0 days 00:12:57.000000000,0 days 00:00:00.000000000,32.888216,-117.239697
21,2019-01-31 04:25:58.100,32.883766158535586,-117.22859226202571,,5,2019-01-31 04:25:58.100,0 days 00:17:31.000000000,0 days 00:12:05.000000000,0 days 00:16:28.000000000,0 days 00:12:49.000000000,0 days 00:17:40.000000000,0 days 00:00:00.000000000,32.888216,-117.239697
22,2019-01-31 04:41:03.100,32.87574238685839,-117.22490024777478,,0,2019-01-31 04:41:03.100,0 days 00:18:13.000000000,0 days 00:19:35.000000000,0 days 00:19:14.000000000,0 days 00:14:57.000000000,0 days 00:14:18.000000000,0 days 00:00:00.000000000,32.879802,-117.236564
23,2019-01-31 04:58:04.100,32.886740500875256,-117.22303351469304,,3,2019-01-31 04:58:04.100,0 days 00:18:38.000000000,0 days 00:13:09.000000000,0 days 00:11:14.000000000,0 days 00:10:43.000000000,0 days 00:17:59.000000000,0 days 00:00:00.000000000,32.888216,-117.239697
24,2019-01-31 05:11:15.100,32.87570546394545,-117.24376670510337,,2,2019-01-31 05:11:15.100,0 days 00:18:43.000000000,0 days 00:18:42.000000000,0 days 00:18:26.000000000,0 days 00:16:33.000000000,0 days 00:17:18.000000000,0 days 00:00:00.000000000,32.879802,-117.236564
25,2019-01-31 05:23:52.100,32.877477097869274,-117.22609617902235,,4,2019-01-31 05:24:00.100,0 days 00:17:14.000000000,0 days 00:13:55.000000000,0 days 00:12:59.000000000,0 days 00:11:46.000000000,0 days 00:12:30.000000000,0 days 00:00:00.000000000,32.879802,-117.236564
26,2019-01-31 05:34:14.100,32.88831019746709,-117.24359808623593,,1,2019-01-31 05:38:43.100,0 days 00:16:30.000000000,0 days 00:15:08.000000000,0 days 00:15:10.000000000,0 days 00:10:29.000000000,0 days 00:14:01.000000000,0 days 00:00:00.000000000,32.879802,-117.236564
27,2019-01-31 05:43:20.100,32.87518010261817,-117.22592581183915,,5,2019-01-31 05:43:20.100,0 days 00:12:18.000000000,0 days 00:11:37.000000000,0 days 00:13:44.000000000,0 days 00:12:04.000000000,0 days 00:10:47.000000000,0 days 00:00:00.000000000,32.888216,-117.239697
28,2019-01-31 05:59:51.100,32.88489195873903,-117.25083211558653,,0,2019-01-31 06:07:20.100,0 days 00:15:15.000000000,0 days 00:18:10.000000000,0 days 00:15:13.000000000,0 days 00:14:06.000000000,0 days 00:11:53.000000000,0 days 00:00:00.000000000,32.888216,-117.239697
29,2019-01-31 06:12:13.100,32.88584888423498,-117.23528029499884,,3,2019-01-31 06:12:13.100,0 days 00:16:20.000000000,0 days 00:15:40.000000000,0 days 00:16:18.000000000,0 days 00:13:07.000000000,0 days 00:13:55.000000000,0 days 00:00:00.000000000,32.888216,-117.239697
30,2019-01-31 06:23:19.100,32.895506436464395,-117.24401148620989,,4,2019-01-31 06:32:24.100,0 days 00:14:18.000000000,0 days 00:18:20.000000000,0 days 00:18:16.000000000,0 days 00:19:33.000000000,0 days 00:18:11.000000000,0 days 00:00:00.000000000,32.879802,-117.236564
31,2019-01-31 06:34:20.100,32.871626938469944,-117.23790663526592,,2,2019-01-31 06:40:57.100,0 days 00:19:48.000000000,0 days 00:12:23.000000000,0 days 00:12:27.000000000,0 days 00:10:01.000000000,0 days 00:10:06.000000000,0 days 00:00:00.000000000,32.879802,-117.236564
32,2019-01-31 06:43:26.100,32.887213668854315,-117.25074125922185,,5,2019-01-31 06:43:50.100,0 days 00:17:23.000000000,0 days 00:12:45.000000000,0 days 00:16:10.000000000,0 days 00:14:41.000000000,0 days 00:13:50.000000000,0 days 00:00:00.000000000,32.879802,-117.236564
33,2019-01-31 07:01:00.100,32.875742642952005,-117.22161685014396,,1,2019-01-31 07:01:00.100,0 days 00:19:53.000000000,0 days 00:19:55.000000000,0 days 00:14:12.000000000,0 days 00:14:11.000000000,0 days 00:12:01.000000000,0 days 00:00:00.000000000,32.879802,-117.236564
34,2019-01-31 07:10:47.100,32.892037349953775,-117.23370135549524,,0,2019-01-31 07:21:57.100,0 days 00:11:13.000000000,0 days 00:16:54.000000000,0 days 00:18:13.000000000,0 days 00:12:30.000000000,0 days 00:11:37.000000000,0 days 00:00:00.000000000,32.888216,-117.239697
35,2019-01-31 07:19:07.100,32.875912975412426,-117.24982368135903,,3,2019-01-31 07:27:33.100,0 days 00:14:43.000000000,0 days 00:16:10.000000000,0 days 00:18:18.000000000,0 days 00:12:32.000000000,0 days 00:15:08.000000000,0 days 00:00:00.000000000,32.879802,-117.236564
36,2019-01-31 07:31:03.100,32.87669338900557,-117.24989105693979,,2,2019-01-31 07:45:42.100,0 days 00:18:40.000000000,0 days 00:18:53.000000000,0 days 00:19:33.000000000,0 days 00:14:24.000000000,0 days 00:18:02.000000000,0 days 00:00:00.000000000,32.879802,-117.236564
37,2019-01-31 07:45:12.100,32.875396650318635,-117.24342777911889,,5,2019-01-31 07:58:39.100,0 days 00:10:20.000000000,0 days 00:13:56.000000000,0 days 00:15:51.000000000,0 days 00:11:43.000000000,0 days 00:19:57.000000000,0 days 00:00:00.000000000,32.888216,-117.239697
38,2019-01-31 08:02:16.100,32.88754824376924,-117.2505887518791,,4,2019-01-31 08:02:16.100,0 days 00:15:20.000000000,0 days 00:10:36.000000000,0 days 00:12:57.000000000,0 days 00:12:05.000000000,0 days 00:19:04.000000000,0 days 00:00:00.000000000,32.888216,-117.239697
39,2019-01-31 08:13:22.100,32.886888664914984,-117.22546270553089,,1,2019-01-31 08:21:12.100,0 days 00:15:36.000000000,0 days 00:14:11.000000000,0 days 00:17:45.000000000,0 days 00:13:04.000000000,0 days 00:13:36.000000000,0 days 00:00:00.000000000,32.879802,-117.236564
40,2019-01-31 08:26:09.100,32.89177126409958,-117.22777332554227,,0,2019-01-31 08:32:24.100,0 days 00:10:42.000000000,0 days 00:15:02.000000000,0 days 00:18:21.000000000,0 days 00:17:53.000000000,0 days 00:17:39.000000000,0 days 00:00:00.000000000,32.879802,-117.236564
41,2019-01-31 08:36:01.100,32.89185697895762,-117.23303787131418,,3,2019-01-31 08:44:24.100,0 days 00:10:40.000000000,0 days 00:17:35.000000000,0 days 00:15:42.000000000,0 days 00:10:12.000000000,0 days 00:14:12.000000000,0 days 00:00:00.000000000,32.879802,-117.236564
42,2019-01-31 08:48:11.100,32.887545325733235,-117.22497852240062,,5,2019-01-31 09:10:26.100,0 days 00:14:29.000000000,0 days 00:19:36.000000000,0 days 00:10:00.000000000,0 days 00:18:09.000000000,0 days 00:11:29.000000000,0 days 00:00:00.000000000,32.879802,-117.236564
43,2019-01-31 08:59:53.100,32.89177288995697,-117.24137815394478,,4,2019-01-31 09:12:18.100,0 days 00:19:49.000000000,0 days 00:10:26.000000000,0 days 00:12:17.000000000,0 days 00:14:30.000000000,0 days 00:12:22.000000000,0 days 00:00:00.000000000,32.888216,-117.239697
44,2019-01-31 09:11:18.100,32.86969136532129,-117.24445720641506,,2,2019-01-31 09:15:14.100,0 days 00:11:02.000000000,0 days 00:17:28.000000000,0 days 00:19:19.000000000,0 days 00:14:44.000000000,0 days 00:17:47.000000000,0 days 00:00:00.000000000,32.888216,-117.239697
45,2019-01-31 09:28:16.100,32.8960199741758,-117.23509082242947,,1,2019-01-31 09:35:24.100,0 days 00:19:35.000000000,0 days 00:19:07.000000000,0 days 00:13:23.000000000,0 days 00:15:31.000000000,0 days 00:12:21.000000000,0 days 00:00:00.000000000,32.888216,-117.239697
46,2019-01-31 09:40:28.100,32.88391863209741,-117.24755693662789,,0,2019-01-31 09:52:01.100,0 days 00:19:04.000000000,0 days 00:12:54.000000000,0 days 00:15:06.000000000,0 days 00:15:30.000000000,0 days 00:12:31.000000000,0 days 00:00:00.000000000,32.888216,-117.239697
47,2019-01-31 09:53:30.100,32.89118109678686,-117.23447205745013,,3,2019-01-31 09:53:30.100,0 days 00:19:13.000000000,0 days 00:17:06.000000000,0 days 00:18:21.000000000,0 days 00:19:55.000000000,0 days 00:11:43.000000000,0 days 00:00:00.000000000,32.888216,-117.239697
48,2019-01-31 10:05:02.100,32.8683456406883,-117.23224746396667,,4,2019-01-31 10:21:42.100,0 days 00:15:17.000000000,0 days 00:11:34.000000000,0 days 00:15:25.000000000,0 days 00:13:34.000000000,0 days 00:16:19.000000000,0 days 00:00:00.000000000,32.879802,-117.236564
49,2019-01-31 10:20:07.100,32.88765227981779,-117.23804470792965,,5,2019-01-31 10:24:09.100,0 days 00:14:51.000000000,0 days 00:14:14.000000000,0 days 00:12:46.000000000,0 days 00:18:09.000000000,0 days 00:19:23.000000000,0 days 00:00:00.000000000,32.879802,-117.236564
50,2019-01-31 10:32:24.100,32.866675573418924,-117.23972618621583,,2,2019-01-31 10:35:34.100,0 days 00:14:51.000000000,0 days 00:18:15.000000000,0 days 00:10:41.000000000,0 days 00:15:22.000000000,0 days 00:15:38.000000000,0 days 00:00:00.000000000,32.879802,-117.236564
51,2019-01-31 10:47:32.100,32.890487851969105,-117.23803868553189,,1,2019-01-31 10:55:21.100,0 days 00:18:35.000000000,0 days 00:18:47.000000000,0 days 00:16:09.000000000,0 days 00:18:05.000000000,0 days 00:10:04.000000000,0 days 00:00:00.000000000,32.879802,-117.236564
52,2019-01-31 11:02:34.100,32.86725292561735,-117.23694403746909,,0,2019-01-31 11:07:06.100,0 days 00:13:53.000000000,0 days 00:13:43.000000000,0 days 00:18:34.000000000,0 days 00:10:13.000000000,0 days 00:19:14.000000000,0 days 00:00:00.000000000,32.888216,-117.239697
53,2019-01-31 11:20:12.100,32.877232104698216,-117.23655450976379,,3,2019-01-31 11:20:12.100,0 days 00:15:56.000000000,0 days 00:18:28.000000000,0 days 00:16:28.000000000,0 days 00:19:13.000000000,0 days 00:16:35.000000000,0 days 00:00:00.000000000,32.888216,-117.239697
54,2019-01-31 11:32:37.100,32.877635435285505,-117.2458188374694,,4,2019-01-31 11:33:51.100,0 days 00:19:06.000000000,0 days 00:15:43.000000000,0 days 00:15:25.000000000,0 days 00:14:36.000000000,0 days 00:19:11.000000000,0 days 00:00:00.000000000,32.879802,-117.236564
55,2019-01-31 11:50:01.100,32.88429052149152,-117.24306712270291,,5,2019-01-31 11:50:01.100,0 days 00:16:41.000000000,0 days 00:20:00.000000000,0 days 00:11:28.000000000,0 days 00:12:38.000000000,0 days 00:14:17.000000000,0 days 00:00:00.000000000,32.888216,-117.239697
56,2019-01-31 12:02:02.100,32.88839436539321,-117.24528925985969,,2,2019-01-31 12:02:02.100,0 days 00:11:24.000000000,0 days 00:16:20.000000000,0 days 00:17:01.000000000,0 days 00:10:38.000000000,0 days 00:13:15.000000000,0 days 00:00:00.000000000,32.879802,-117.236564
57,2019-01-31 12:13:53.100,32.89216367015584,-117.24059666179411,,1,2019-01-31 12:17:01.100,0 days 00:10:09.000000000,0 days 00:13:44.000000000,0 days 00:19:46.000000000,0 days 00:18:12.000000000,0 days 00:10:47.000000000,0 days 00:00:00.000000000,32.888216,-117.239697
58,2019-01-31 12:27:52.100,32.87570220958486,-117.23114693207081,,0,2019-01-31 12:27:52.100,0 days 00:15:28.000000000,0 days 00:11:31.000000000,0 days 00:13:30.000000000,0 days 00:19:46.000000000,0 days 00:13:35.000000000,0 days 00:00:00.000000000,32.879802,-117.236564
59,2019-01-31 12:42:10.100,32.88535025355461,-117.24662017208702,,3,2019-01-31 12:46:52.100,0 days 00:12:19.000000000,0 days 00:11:10.000000000,0 days 00:15:51.000000000,0 days 00:15:20.000000000,0 days 00:18:26.000000000,0 days 00:00:00.000000000,32.888216,-117.239697
60,2019-01-31 12:50:22.100,32.89011306476233,-117.24339130038352,,4,2019-01-31 12:57:52.100,0 days 00:10:36.000000000,0 days 00:12:46.000000000,0 days 00:16:06.000000000,0 days 00:16:37.000000000,0 days 00:17:53.000000000,0 days 00:00:00.000000000,32.879802,-117.236564
61,2019-01-31 13:00:01.100,32.86924629193733,-117.24162416068725,,5,2019-01-31 13:05:05.100,0 days 00:17:16.000000000,0 days 00:12:31.000000000,0 days 00:14:11.000000000,0 days 00:17:28.000000000,0 days 00:17:52.000000000,0 days 00:00:00.000000000,32.888216,-117.239697
62,2019-01-31 13:09:33.100,32.871669302720065,-117.23817428989211,,2,2019-01-31 13:10:40.100,0 days 00:15:04.000000000,0 days 00:15:40.000000000,0 days 00:19:59.000000000,0 days 00:11:45.000000000,0 days 00:12:37.000000000,0 days 00:00:00.000000000,32.888216,-117.239697
63,2019-01-31 13:21:15.100,32.89120522723064,-117.22661527850869,,1,2019-01-31 13:29:39.100,0 days 00:14:01.000000000,0 days 00:16:28.000000000,0 days 00:15:44.000000000,0 days 00:16:32.000000000,0 days 00:19:17.000000000,0 days 00:00:00.000000000,32.888216,-117.239697
64,2019-01-31 13:29:52.100,32.879589796867116,-117.23147319527489,,0,2019-01-31 13:41:42.100,0 days 00:18:22.000000000,0 days 00:16:42.000000000,0 days 00:11:42.000000000,0 days 00:12:15.000000000,0 days 00:12:10.000000000,0 days 00:00:00.000000000,32.879802,-117.236564
65,2019-01-31 13:46:29.100,32.878175062029435,-117.24395771047372,,3,2019-01-31 13:59:58.100,0 days 00:13:01.000000000,0 days 00:19:41.000000000,0 days 00:16:36.000000000,0 days 00:16:36.000000000,0 days 00:18:04.000000000,0 days 00:00:00.000000000,32.879802,-117.236564
66,2019-01-31 14:00:24.100,32.881744024823114,-117.23517216411027,,4,2019-01-31 14:11:50.100,0 days 00:16:07.000000000,0 days 00:15:59.000000000,0 days 00:17:46.000000000,0 days 00:15:13.000000000,0 days 00:19:18.000000000,0 days 00:00:00.000000000,32.888216,-117.239697
67,2019-01-31 14:15:48.100,32.87110742130268,-117.24030763205322,,5,2019-01-31 14:24:23.100,0 days 00:13:38.000000000,0 days 00:19:50.000000000,0 days 00:14:03.000000000,0 days 00:16:15.000000000,0 days 00:11:40.000000000,0 days 00:00:00.000000000,32.879802,-117.236564
68,2019-01-31 14:31:15.100,32.8825102881873,-117.23722029466886,,2,2019-01-31 14:31:15.100,0 days 00:11:12.000000000,0 days 00:19:48.000000000,0 days 00:17:32.000000000,0 days 00:11:28.000000000,0 days 00:12:03.000000000,0 days 00:00:00.000000000,32.879802,-117.236564
69,2019-01-31 14:45:31.100,32.89517898816325,-117.24073343798999,,1,2019-01-31 14:51:41.100,0 days 00:17:03.000000000,0 days 00:12:30.000000000,0 days 00:12:46.000000000,0 days 00:14:17.000000000,0 days 00:11:51.000000000,0 days 00:00:00.000000000,32.879802,-117.236564
70,2019-01-31 14:54:06.100,32.88903550807287,-117.2369893222963,,0,2019-01-31 14:54:06.100,0 days 00:17:39.000000000,0 days 00:15:24.000000000,0 days 00:14:54.000000000,0 days 00:13:13.000000000,0 days 00:13:38.000000000,0 days 00:00:00.000000000,32.879802,-117.236564
71,2019-01-31 15:03:57.100,32.874656118023864,-117.22824328796071,,3,2019-01-31 15:23:56.100,0 days 00:16:08.000000000,0 days 00:13:48.000000000,0 days 00:10:17.000000000,0 days 00:17:13.000000000,0 days 00:15:00.000000000,0 days 00:00:00.000000000,32.888216,-117.239697
72,2019-01-31 15:14:18.100,32.88735481416434,-117.23047401032248,,4,2019-01-31 15:36:13.100,0 days 00:19:26.000000000,0 days 00:11:44.000000000,0 days 00:18:41.000000000,0 days 00:17:57.000000000,0 days 00:14:32.000000000,0 days 00:00:00.000000000,32.888216,-117.239697
73,2019-01-31 15:29:00.100,32.88837855622083,-117.2293852044821,,5,2019-01-31 15:39:49.100,0 days 00:14:42.000000000,0 days 00:11:23.000000000,0 days 00:15:46.000000000,0 days 00:13:37.000000000,0 days 00:15:57.000000000,0 days 00:00:00.000000000,32.879802,-117.236564
74,2019-01-31 15:42:44.100,32.86923968385987,-117.22989952296227,,2,2019-01-31 15:43:18.100,0 days 00:19:01.000000000,0 days 00:17:44.000000000,0 days 00:14:39.000000000,0 days 00:10:34.000000000,0 days 00:10:48.000000000,0 days 00:00:00.000000000,32.879802,-117.236564
75,2019-01-31 15:50:51.100,32.88226645357473,-117.22180106636692,,1,2019-01-31 16:00:08.100,0 days 00:15:50.000000000,0 days 00:13:21.000000000,0 days 00:19:29.000000000,0 days 00:10:02.000000000,0 days 00:18:29.000000000,0 days 00:00:00.000000000,32.888216,-117.239697
76,2019-01-31 15:59:05.100,32.88982523548902,-117.2401064420642,,0,2019-01-31 16:08:54.100,0 days 00:13:03.000000000,0 days 00:15:39.000000000,0 days 00:15:02.000000000,0 days 00:12:03.000000000,0 days 00:19:49.000000000,0 days 00:00:00.000000000,32.879802,-117.236564
77,2019-01-31 16:15:44.100,32.88809177454518,-117.24592696225291,,3,2019-01-31 16:36:22.100,0 days 00:15:10.000000000,0 days 00:11:15.000000000,0 days 00:11:21.000000000,0 days 00:11:08.000000000,0 days 00:12:52.000000000,0 days 00:00:00.000000000,32.879802,-117.236564
78,2019-01-31 16:33:34.100,32.870508874531005,-117.24846256990115,,5,2019-01-31 16:51:14.100,0 days 00:15:42.000000000,0 days 00:15:19.000000000,0 days 00:19:05.000000000,0 days 00:19:34.000000000,0 days 00:17:06.000000000,0 days 00:00:00.000000000,32.879802,-117.236564
79,2019-01-31 16:43:52.100,32.88234899533385,-117.24477610681966,,2,2019-01-31 16:56:04.100,0 days 00:17:25.000000000,0 days 00:18:40.000000000,0 days 00:13:59.000000000,0 days 00:17:38.000000000,0 days 00:13:27.000000000,0 days 00:00:00.000000000,32.879802,-117.236564
80,2019-01-31 16:55:14.100,32.88471614806385,-117.24808829758784,,4,2019-01-31 16:58:33.100,0 days 00:16:01.000000000,0 days 00:15:28.000000000,0 days 00:10:38.000000000,0 days 00:12:21.000000000,0 days 00:11:06.000000000,0 days 00:00:00.000000000,32.879802,-117.236564
81,2019-01-31 17:05:03.100,32.890889168173,-117.23757267169393,,1,2019-01-31 17:17:19.100,0 days 00:16:39.000000000,0 days 00:18:39.000000000,0 days 00:12:08.000000000,0 days 00:17:42.000000000,0 days 00:15:19.000000000,0 days 00:00:00.000000000,32.879802,-117.236564
82,2019-01-31 17:16:09.100,32.86795328943498,-117.2429915850976,,0,2019-01-31 17:24:30.100,0 days 00:19:31.000000000,0 days 00:17:02.000000000,0 days 00:11:49.000000000,0 days 00:14:36.000000000,0 days 00:10:57.000000000,0 days 00:00:00.000000000,32.888216,-117.239697
83,2019-01-31 17:30:30.100,32.89134629677882,-117.224864068288,,3,2019-01-31 17:38:08.100,0 days 00:15:56.000000000,0 days 00:11:16.000000000,0 days 00:13:40.000000000,0 days 00:17:42.000000000,0 days 00:15:28.000000000,0 days 00:00:00.000000000,32.879802,-117.236564
84,2019-01-31 17:42:27.100,32.873986010029476,-117.23117472076156,,4,2019-01-31 18:04:07.100,0 days 00:12:57.000000000,0 days 00:12:11.000000000,0 days 00:15:08.000000000,0 days 00:11:55.000000000,0 days 00:16:35.000000000,0 days 00:00:00.000000000,32.888216,-117.239697
85,2019-01-31 17:51:00.100,32.89310546244239,-117.24428428567776,,2,2019-01-31 18:17:13.100,0 days 00:12:59.000000000,0 days 00:17:45.000000000,0 days 00:16:57.000000000,0 days 00:17:03.000000000,0 days 00:10:30.000000000,0 days 00:00:00.000000000,32.888216,-117.239697
86,2019-01-31 18:06:10.100,32.877963561893814,-117.24479575035865,,5,2019-01-31 18:18:00.100,0 days 00:17:25.000000000,0 days 00:10:10.000000000,0 days 00:13:22.000000000,0 days 00:12:19.000000000,0 days 00:19:49.000000000,0 days 00:00:00.000000000,32.879802,-117.236564
87,2019-01-31 18:14:31.100,32.88073295246171,-117.22553686812893,,1,2019-01-31 18:37:46.100,0 days 00:11:05.000000000,0 days 00:11:00.000000000,0 days 00:10:20.000000000,0 days 00:14:24.000000000,0 days 00:12:05.000000000,0 days 00:00:00.000000000,32.888216,-117.239697
88,2019-01-31 18:31:13.100,32.86814122320746,-117.23301017030583,,0,2019-01-31 18:38:25.100,0 days 00:14:57.000000000,0 days 00:13:53.000000000,0 days 00:10:18.000000000,0 days 00:11:53.000000000,0 days 00:11:11.000000000,0 days 00:00:00.000000000,32.879802,-117.236564
89,2019-01-31 18:41:57.100,32.88798228316995,-117.22458047437111,,3,2019-01-31 18:52:10.100,0 days 00:16:48.000000000,0 days 00:12:07.000000000,0 days 00:16:34.000000000,0 days 00:13:47.000000000,0 days 00:10:59.000000000,0 days 00:00:00.000000000,32.888216,-117.239697
90,2019-01-31 18:59:44.100,32.885009714690284,-117.24109193812556,,4,2019-01-31 19:12:53.100,0 days 00:15:05.000000000,0 days 00:11:54.000000000,0 days 00:15:38.000000000,0 days 00:17:11.000000000,0 days 00:16:11.000000000,0 days 00:00:00.000000000,32.888216,-117.239697
91,2019-01-31 19:09:20.100,32.88700173403766,-117.2278966597269,,5,2019-01-31 19:31:05.100,0 days 00:15:05.000000000,0 days 00:17:40.000000000,0 days 00:14:54.000000000,0 days 00:18:45.000000000,0 days 00:19:49.000000000,0 days 00:00:00.000000000,32.879802,-117.236564
92,2019-01-31 19:22:29.100,32.884801565719805,-117.23778355290656,,2,2019-01-31 19:32:27.100,0 days 00:17:39.000000000,0 days 00:16:28.000000000,0 days 00:10:30.000000000,0 days 00:10:15.000000000,0 days 00:17:23.000000000,0 days 00:00:00.000000000,32.888216,-117.239697
93,2019-01-31 19:35:08.100,32.89136004168847,-117.24142702051006,,1,2019-01-31 19:36:40.100,0 days 00:12:44.000000000,0 days 00:10:06.000000000,0 days 00:12:23.000000000,0 days 00:14:17.000000000,0 days 00:15:38.000000000,0 days 00:00:00.000000000,32.888216,-117.239697
94,2019-01-31 19:49:54.100,32.87042023084568,-117.22713781801477,,0,2019-01-31 19:49:54.100,0 days 00:14:33.000000000,0 days 00:12:40.000000000,0 days 00:16:12.000000000,0 days 00:12:29.000000000,0 days 00:14:35.000000000,0 days 00:00:00.000000000,32.879802,-117.236564
95,2019-01-31 20:02:46.100,32.886954577047774,-117.23456511029471,,3,2019-01-31 20:02:46.100,0 days 00:17:36.000000000,0 days 00:11:15.000000000,0 days 00:10:46.000000000,0 days 00:13:47.000000000,0 days 00:19:17.000000000,0 days 00:00:00.000000000,32.888216,-117.239697
96,2019-01-31 20:20:33.100,32.891377050356766,-117.23398017687938,,4,2019-01-31 20:28:52.100,0 days 00:14:21.000000000,0 days 00:14:19.000000000,0 days 00:19:57.000000000,0 days 00:19:00.000000000,0 days 00:18:03.000000000,0 days 00:00:00.000000000,32.879802,-117.236564
97,2019-01-31 20:37:21.100,32.869532207850966,-117.22552584469621,,1,2019-01-31 20:41:48.100,0 days 00:19:54.000000000,0 days 00:17:12.000000000,0 days 00:16:45.000000000,0 days 00:12:31.000000000,0 days 00:18:36.000000000,0 days 00:00:00.000000000,32.888216,-117.239697
98,2019-01-31 20:51:44.100,32.89023678874568,-117.23507412411739,,2,2019-01-31 20:51:44.100,0 days 00:10:38.000000000,0 days 00:12:37.000000000,0 days 00:19:22.000000000,0 days 00:18:54.000000000,0 days 00:12:38.000000000,0 days 00:00:00.000000000,32.888216,-117.239697
99,2019-01-31 21:01:11.100,32.88170556514763,-117.24341822137666,,0,2019-01-31 21:01:11.100,0 days 00:17:31.000000000,0 days 00:12:16.000000000,0 days 00:13:59.000000000,0 days 00:10:38.000000000,0 days 00:13:51.000000000,0 days 00:00:00.000000000,32.888216,-117.239697
100,2019-01-31 21:17:27.100,32.87706695319039,-117.23871282345263,,3,2019-01-31 21:17:27.100,0 days 00:14:03.000000000,0 days 00:15:57.000000000,0 days 00:14:39.000000000,0 days 00:18:28.000000000,0 days 00:13:14.000000000,0 days 00:00:00.000000000,32.888216,-117.239697
