,percent_coverage,timestamp
0,0.8484848484848485,2018-11-25 20:41:32.127587
1,0.8282828282828283,2018-11-25 20:48:06.033157
2,0.797979797979798,2018-11-25 20:49:55.061732
3,0.7575757575757576,2018-11-25 20:50:01.759380
4,0.7575757575757576,2018-11-25 20:50:37.127587
5,0.7575757575757576,2018-11-25 20:51:40.759380
6,0.7575757575757576,2018-11-25 20:59:23.061732
7,0.7575757575757576,2018-11-25 20:52:21.033157
8,0.5252525252525253,2018-11-25 21:03:18.795662
9,0.43434343434343436,2018-11-25 21:03:56.677403
10,0.43434343434343436,2018-11-25 21:11:29.677403
11,0.43434343434343436,2018-11-25 21:17:44.033157
12,0.43434343434343436,2018-11-25 21:12:58.127587
13,0.43434343434343436,2018-11-25 21:18:33.677403
14,0.36363636363636365,2018-11-25 21:22:57.483154
15,0.36363636363636365,2018-11-25 21:23:39.795662
16,0.36363636363636365,2018-11-25 21:13:24.061732
17,0.36363636363636365,2018-11-25 21:24:14.759380
18,0.36363636363636365,2018-11-25 21:35:53.033157
19,0.36363636363636365,2018-11-25 21:28:14.127587
20,0.3333333333333333,2018-11-25 21:39:34.496639
21,0.23232323232323232,2018-11-25 21:48:46.080648
22,0.23232323232323232,2018-11-25 21:50:55.677403
23,0.23232323232323232,2018-11-25 21:31:27.483154
24,0.23232323232323232,2018-11-25 21:48:39.795662
25,0.23232323232323232,2018-11-25 21:30:21.061732
26,0.13131313131313133,2018-11-25 21:52:42.177108
27,0.020202020202020204,2018-11-25 22:02:01.788284
28,0.020202020202020204,2018-11-25 22:04:16.759380
29,0.020202020202020204,2018-11-25 21:53:46.483154
30,0.29292929292929293,2018-11-25 22:01:20.127587
31,0.29292929292929293,2018-11-25 21:48:27.496639
32,0.29292929292929293,2018-11-25 21:58:29.177108
33,0.45454545454545453,2018-11-25 22:21:47.677403
34,0.48484848484848486,2018-11-25 22:22:49.033157
35,0.48484848484848486,2018-11-25 22:17:43.795662
36,0.494949494949495,2018-11-25 22:02:55.061732
37,0.494949494949495,2018-11-25 22:02:23.080648
38,0.494949494949495,2018-11-25 22:15:26.788284
39,0.46464646464646464,2018-11-25 22:26:26.704442
40,0.5353535353535354,2018-11-25 22:27:02.759380
41,0.5353535353535354,2018-11-25 22:25:15.483154
42,0.5252525252525253,2018-11-25 22:30:23.118890
43,0.36363636363636365,2018-11-25 22:31:29.266673
44,0.36363636363636365,2018-11-25 22:32:19.496639
45,0.36363636363636365,2018-11-25 22:27:12.177108
46,0.5555555555555556,2018-11-25 22:40:04.795662
47,0.5555555555555556,2018-11-25 22:27:46.080648
48,0.5555555555555556,2018-11-25 22:46:15.788284
49,0.5555555555555556,2018-11-25 22:30:41.704442
50,0.5959595959595959,2018-11-25 22:41:50.483154
51,0.5959595959595959,2018-11-25 22:39:51.118890
52,0.5959595959595959,2018-11-25 22:39:10.266673
53,0.5959595959595959,2018-11-25 22:53:27.704442
54,0.5959595959595959,2018-11-25 22:55:55.177108
55,0.5959595959595959,2018-11-25 22:45:55.080648
56,0.5959595959595959,2018-11-25 23:12:07.704442
57,0.41414141414141414,2018-11-25 23:17:04.722341
58,0.41414141414141414,2018-11-25 23:22:44.496639
59,0.41414141414141414,2018-11-25 23:04:51.118890
60,0.41414141414141414,2018-11-25 23:07:34.266673
61,0.41414141414141414,2018-11-25 23:26:09.722341
62,0.41414141414141414,2018-11-25 23:30:28.266673
63,0.47474747474747475,2018-11-25 23:32:51.080648
64,0.5656565656565656,2018-11-25 23:34:06.177108
65,0.5656565656565656,2018-11-25 23:30:07.788284
66,0.5959595959595959,2018-11-25 23:45:30.496639
67,0.5959595959595959,2018-11-25 23:53:40.118890
68,0.6161616161616161,2018-11-25 23:44:41.704442
69,0.5959595959595959,2018-11-25 23:55:10.743160
70,0.5959595959595959,2018-11-25 23:56:58.722341
71,0.36363636363636365,2018-11-25 23:59:20.978770
72,0.36363636363636365,2018-11-25 23:59:25.743160
73,0.32323232323232326,2018-11-26 00:15:49.766058
74,0.43434343434343436,2018-11-26 00:17:03.788284
75,0.43434343434343436,2018-11-26 00:04:53.978770
76,0.5252525252525253,2018-11-26 00:03:02.266673
77,0.48484848484848486,2018-11-26 00:24:24.259358
78,0.48484848484848486,2018-11-26 00:30:48.722341
79,0.48484848484848486,2018-11-26 00:15:40.978770
80,0.48484848484848486,2018-11-26 00:16:00.743160
81,0.48484848484848486,2018-11-26 00:26:41.766058
82,0.5151515151515151,2018-11-26 00:16:26.118890
83,0.5151515151515151,2018-11-26 00:30:11.259358
84,0.3939393939393939,2018-11-26 00:40:10.444221
85,0.3939393939393939,2018-11-26 00:42:33.766058
86,0.3939393939393939,2018-11-26 00:34:26.978770
87,0.3939393939393939,2018-11-26 00:49:03.444221
88,0.32323232323232326,2018-11-26 00:54:23.201280
89,0.5151515151515151,2018-11-26 00:55:48.722341
90,0.5151515151515151,2018-11-26 00:58:54.259358
91,0.5151515151515151,2018-11-26 00:49:25.743160
92,0.5151515151515151,2018-11-26 01:12:05.766058
93,0.7070707070707071,2018-11-26 01:12:37.978770
94,0.5757575757575758,2018-11-26 01:20:09.699248
95,0.6060606060606061,2018-11-26 01:20:26.743160
96,0.6060606060606061,2018-11-26 01:12:59.201280
97,0.6060606060606061,2018-11-26 01:23:41.259358
98,0.5858585858585859,2018-11-26 01:28:50.891185
99,0.5858585858585859,2018-11-26 01:35:59.444221
100,0.6767676767676768,2018-11-26 01:34:51.766058
101,0.6767676767676768,2018-11-26 01:29:14.699248
102,0.6464646464646465,2018-11-26 01:39:12.228847
103,0.5555555555555556,2018-11-26 01:54:39.555998
104,0.5555555555555556,2018-11-26 01:59:55.201280
105,0.6464646464646465,2018-11-26 01:56:15.259358
106,0.6464646464646465,2018-11-26 01:34:00.891185
107,0.5555555555555556,2018-11-26 02:02:26.755399
108,0.5555555555555556,2018-11-26 02:22:55.444221
109,0.5555555555555556,2018-11-26 02:00:03.699248
110,0.5555555555555556,2018-11-26 01:43:27.228847
111,0.5555555555555556,2018-11-26 01:56:35.228847
112,0.5252525252525253,2018-11-26 02:25:13.913633
113,0.5252525252525253,2018-11-26 02:31:19.201280
114,0.5252525252525253,2018-11-26 02:08:16.555998
115,0.5252525252525253,2018-11-26 02:22:18.755399
116,0.5252525252525253,2018-11-26 02:34:41.913633
117,0.48484848484848486,2018-11-26 02:39:59.193401
118,0.5555555555555556,2018-11-26 02:45:13.201280
119,0.5555555555555556,2018-11-26 02:07:06.891185
120,0.5555555555555556,2018-11-26 02:33:21.228847
121,0.5555555555555556,2018-11-26 02:48:42.913633
122,0.48484848484848486,2018-11-26 02:49:24.482672
123,0.48484848484848486,2018-11-26 02:50:28.699248
124,0.48484848484848486,2018-11-26 02:31:02.555998
125,0.48484848484848486,2018-11-26 02:45:04.755399
126,0.48484848484848486,2018-11-26 02:51:03.482672
127,0.48484848484848486,2018-11-26 02:53:14.193401
128,0.48484848484848486,2018-11-26 02:45:16.891185
129,0.20202020202020202,2018-11-26 02:56:28.327211
130,0.020202020202020204,2018-11-26 03:01:05.950828
131,0.050505050505050504,2018-11-26 03:01:45.228847
132,0.020202020202020204,2018-11-26 03:02:59.876456
133,0.1414141414141414,2018-11-26 03:06:47.444221
134,0.1414141414141414,2018-11-26 03:02:43.913633
135,0.020202020202020204,2018-11-26 03:12:45.926744
136,0.29292929292929293,2018-11-26 03:13:14.699248
137,0.29292929292929293,2018-11-26 03:02:54.555998
138,0.29292929292929293,2018-11-26 03:12:44.755399
139,0.29292929292929293,2018-11-26 03:23:37.482672
140,0.29292929292929293,2018-11-26 03:24:03.193401
141,0.3838383838383838,2018-11-26 03:19:13.891185
142,0.3838383838383838,2018-11-26 03:21:35.327211
143,0.3838383838383838,2018-11-26 03:27:08.950828
144,0.3838383838383838,2018-11-26 03:24:27.876456
145,0.3939393939393939,2018-11-26 03:27:43.913633
146,0.3939393939393939,2018-11-26 03:34:43.327211
147,0.494949494949495,2018-11-26 03:33:43.555998
148,0.5959595959595959,2018-11-26 03:37:08.755399
149,0.5959595959595959,2018-11-26 03:30:49.482672
150,0.5959595959595959,2018-11-26 04:00:24.327211
151,0.5959595959595959,2018-11-26 03:44:35.926744
152,0.5959595959595959,2018-11-26 03:52:08.950828
153,0.5959595959595959,2018-11-26 03:48:13.876456
154,0.5959595959595959,2018-11-26 03:59:43.926744
155,0.6363636363636364,2018-11-26 03:52:31.482672
156,0.6363636363636364,2018-11-26 04:10:12.876456
157,0.6363636363636364,2018-11-26 04:01:46.193401
158,0.5656565656565656,2018-11-26 04:11:54.587393
159,0.5656565656565656,2018-11-26 04:21:12.950828
160,0.7474747474747475,2018-11-26 04:14:18.327211
161,0.7474747474747475,2018-11-26 04:25:31.587393
162,0.6060606060606061,2018-11-26 04:33:32.072463
163,0.6363636363636364,2018-11-26 04:35:12.876456
164,0.6767676767676768,2018-11-26 04:19:31.193401
165,0.6767676767676768,2018-11-26 04:36:21.926744
166,0.5656565656565656,2018-11-26 04:38:07.853023
167,0.5252525252525253,2018-11-26 04:41:46.645315
168,0.494949494949495,2018-11-26 04:42:04.851987
169,0.494949494949495,2018-11-26 04:43:17.853023
170,0.6767676767676768,2018-11-26 04:52:01.950828
171,0.6767676767676768,2018-11-26 04:42:37.072463
172,0.7272727272727273,2018-11-26 04:52:35.926744
173,0.7272727272727273,2018-11-26 04:48:17.587393
174,0.7272727272727273,2018-11-26 04:53:16.645315
175,0.7272727272727273,2018-11-26 04:51:32.851987
176,0.6565656565656566,2018-11-26 04:53:29.405753
177,0.3838383838383838,2018-11-26 05:01:12.845063
178,0.36363636363636365,2018-11-26 05:05:55.810173
179,0.36363636363636365,2018-11-26 05:09:30.645315
180,0.36363636363636365,2018-11-26 05:11:48.810173
181,0.36363636363636365,2018-11-26 05:11:03.587393
182,0.36363636363636365,2018-11-26 05:13:26.072463
183,0.36363636363636365,2018-11-26 05:22:35.645315
184,0.36363636363636365,2018-11-26 05:13:04.405753
185,0.36363636363636365,2018-11-26 05:21:33.845063
186,0.36363636363636365,2018-11-26 05:16:23.853023
187,0.36363636363636365,2018-11-26 05:28:33.851987
188,0.36363636363636365,2018-11-26 05:27:05.405753
189,0.43434343434343436,2018-11-26 05:33:49.587393
190,0.43434343434343436,2018-11-26 05:39:09.853023
191,0.5050505050505051,2018-11-26 05:41:08.645315
192,0.5050505050505051,2018-11-26 05:44:02.405753
193,0.5050505050505051,2018-11-26 05:46:33.845063
194,0.32323232323232326,2018-11-26 05:54:54.650216
195,0.25252525252525254,2018-11-26 05:59:04.382455
196,0.18181818181818182,2018-11-26 06:01:15.374211
197,0.18181818181818182,2018-11-26 06:03:51.072463
198,0.18181818181818182,2018-11-26 06:00:25.851987
199,0.18181818181818182,2018-11-26 05:55:40.810173
200,0.29292929292929293,2018-11-26 05:57:42.853023
201,0.25252525252525254,2018-11-26 06:05:56.996660
202,0.13131313131313133,2018-11-26 06:11:19.747806
203,0.20202020202020202,2018-11-26 06:16:36.405753
204,0.20202020202020202,2018-11-26 06:06:44.845063
205,0.20202020202020202,2018-11-26 06:02:35.650216
206,0.09090909090909091,2018-11-26 06:16:56.087579
207,0.0707070707070707,2018-11-26 06:18:25.906410
208,0.35353535353535354,2018-11-26 06:22:58.845063
209,0.35353535353535354,2018-11-26 06:20:12.747806
210,0.35353535353535354,2018-11-26 06:24:05.996660
211,0.2828282828282828,2018-11-26 06:29:22.223635
212,0.31313131313131315,2018-11-26 06:31:14.851987
213,0.31313131313131315,2018-11-26 06:29:15.087579
214,0.31313131313131315,2018-11-26 06:25:13.382455
215,0.31313131313131315,2018-11-26 06:21:36.374211
216,0.47474747474747475,2018-11-26 06:29:14.072463
217,0.47474747474747475,2018-11-26 06:35:41.650216
218,0.47474747474747475,2018-11-26 06:29:30.810173
219,0.47474747474747475,2018-11-26 06:41:27.906410
220,0.31313131313131315,2018-11-26 06:47:06.928902
221,0.31313131313131315,2018-11-26 06:54:42.374211
222,0.31313131313131315,2018-11-26 06:46:59.650216
223,0.31313131313131315,2018-11-26 06:53:49.223635
224,0.31313131313131315,2018-11-26 06:39:02.087579
225,0.31313131313131315,2018-11-26 06:57:24.382455
226,0.31313131313131315,2018-11-26 07:04:04.747806
227,0.31313131313131315,2018-11-26 06:52:43.996660
228,0.3434343434343434,2018-11-26 06:54:30.810173
229,0.3434343434343434,2018-11-26 07:08:43.087579
230,0.3434343434343434,2018-11-26 07:07:42.928902
231,0.31313131313131315,2018-11-26 07:10:50.112837
232,0.030303030303030304,2018-11-26 07:14:49.172863
233,0.030303030303030304,2018-11-26 07:20:05.374211
234,0.21212121212121213,2018-11-26 07:15:42.650216
235,0.21212121212121213,2018-11-26 07:16:35.223635
236,0.21212121212121213,2018-11-26 07:09:51.906410
237,0.21212121212121213,2018-11-26 07:25:25.382455
238,0.18181818181818182,2018-11-26 07:33:41.561568
239,0.18181818181818182,2018-11-26 07:34:53.747806
240,0.18181818181818182,2018-11-26 07:27:46.996660
241,0.20202020202020202,2018-11-26 07:33:43.087579
242,0.20202020202020202,2018-11-26 07:17:48.928902
243,0.20202020202020202,2018-11-26 07:28:32.112837
244,0.20202020202020202,2018-11-26 07:35:10.172863
245,0.2727272727272727,2018-11-26 07:45:28.374211
246,0.2727272727272727,2018-11-26 07:50:57.223635
247,0.2727272727272727,2018-11-26 07:30:34.906410
248,0.37373737373737376,2018-11-26 07:47:44.382455
249,0.37373737373737376,2018-11-26 07:39:34.561568
250,0.35353535353535354,2018-11-26 08:04:40.016741
251,0.4444444444444444,2018-11-26 08:05:42.747806
252,0.46464646464646464,2018-11-26 07:53:20.906410
253,0.46464646464646464,2018-11-26 07:53:11.928902
254,0.46464646464646464,2018-11-26 07:56:56.112837
255,0.2828282828282828,2018-11-26 08:07:19.127158
256,0.21212121212121213,2018-11-26 08:08:00.957391
257,0.21212121212121213,2018-11-26 08:12:11.172863
258,0.2828282828282828,2018-11-26 08:19:21.223635
259,0.32323232323232326,2018-11-26 08:11:38.996660
260,0.32323232323232326,2018-11-26 08:21:37.957391
261,0.32323232323232326,2018-11-26 08:09:50.016741
262,0.25252525252525254,2018-11-26 08:27:13.390591
263,0.23232323232323232,2018-11-26 08:28:06.320989
264,0.16161616161616163,2018-11-26 08:31:00.868485
265,0.12121212121212122,2018-11-26 08:38:13.264447
266,0.0,2018-11-26 08:39:33.554886
267,0.2727272727272727,2018-11-26 08:40:07.928902
268,0.2727272727272727,2018-11-26 08:13:38.112837
269,0.2727272727272727,2018-11-26 08:33:22.127158
270,0.2727272727272727,2018-11-26 08:23:26.561568
271,0.2727272727272727,2018-11-26 08:32:04.172863
272,0.0,2018-11-26 08:43:14.340947
273,0.0,2018-11-26 08:44:23.957391
274,0.030303030303030304,2018-11-26 08:27:32.112837
275,0.030303030303030304,2018-11-26 08:40:46.390591
276,0.0,2018-11-26 08:48:29.637475
277,0.0,2018-11-26 08:51:08.320989
278,0.0,2018-11-26 08:50:35.868485
279,0.0,2018-11-26 08:51:48.340947
280,0.0,2018-11-26 08:48:39.554886
281,0.0,2018-11-26 08:38:14.016741
282,0.0,2018-11-26 08:57:23.340947
283,0.0,2018-11-26 08:59:17.561568
284,0.2828282828282828,2018-11-26 09:05:33.172863
285,0.2828282828282828,2018-11-26 08:58:22.127158
286,0.2828282828282828,2018-11-26 09:04:16.957391
287,0.2828282828282828,2018-11-26 08:54:40.390591
288,0.2828282828282828,2018-11-26 09:09:42.390591
289,0.2828282828282828,2018-11-26 09:12:29.340947
290,0.2828282828282828,2018-11-26 09:05:43.868485
291,0.2828282828282828,2018-11-26 09:05:48.264447
292,0.0,2018-11-26 09:16:49.602235
293,0.0,2018-11-26 09:24:14.320989
294,0.0,2018-11-26 09:03:27.016741
295,0.0,2018-11-26 09:15:26.637475
296,0.0,2018-11-26 09:18:54.637475
297,0.0,2018-11-26 09:23:22.127158
298,0.0,2018-11-26 09:30:13.868485
299,0.0,2018-11-26 09:17:22.554886
300,0.1111111111111111,2018-11-26 09:25:46.016741
301,0.0,2018-11-26 09:31:54.074913
302,0.0,2018-11-26 09:41:56.602235
303,0.030303030303030304,2018-11-26 09:31:51.561568
304,0.030303030303030304,2018-11-26 09:36:49.264447
305,0.13131313131313133,2018-11-26 09:51:12.957391
306,0.13131313131313133,2018-11-26 09:49:37.320989
307,0.20202020202020202,2018-11-26 09:56:38.390591
308,0.4444444444444444,2018-11-26 09:43:18.340947
309,0.4444444444444444,2018-11-26 09:37:56.637475
310,0.6060606060606061,2018-11-26 09:48:22.127158
311,0.6161616161616161,2018-11-26 09:51:50.637475
312,0.6161616161616161,2018-11-26 09:50:10.554886
313,0.6060606060606061,2018-11-26 09:58:50.031376
314,0.6464646464646465,2018-11-26 10:01:10.868485
315,0.6464646464646465,2018-11-26 10:04:42.602235
316,0.6464646464646465,2018-11-26 09:51:02.264447
317,0.7474747474747475,2018-11-26 10:08:47.264447
318,0.7474747474747475,2018-11-26 09:57:51.074913
319,0.7474747474747475,2018-11-26 10:05:22.074913
320,0.7676767676767676,2018-11-26 10:12:23.320989
321,0.7373737373737373,2018-11-26 10:14:47.051844
322,0.7171717171717171,2018-11-26 10:18:47.033785
323,0.7171717171717171,2018-11-26 10:20:40.051844
324,0.7171717171717171,2018-11-26 10:27:34.074913
325,0.7171717171717171,2018-11-26 10:08:18.031376
326,0.7171717171717171,2018-11-26 10:22:19.031376
327,0.7474747474747475,2018-11-26 10:34:02.554886
328,0.7474747474747475,2018-11-26 10:39:04.602235
329,0.7171717171717171,2018-11-26 10:47:50.655615
330,0.7171717171717171,2018-11-26 10:52:37.031376
331,0.494949494949495,2018-11-26 11:00:57.728626
332,0.42424242424242425,2018-11-26 11:06:13.217113
333,0.6666666666666666,2018-11-26 11:07:28.602235
334,0.6666666666666666,2018-11-26 10:28:42.033785
335,0.6666666666666666,2018-11-26 10:38:48.033785
336,0.6666666666666666,2018-11-26 11:14:11.033785
337,0.6666666666666666,2018-11-26 10:54:09.051844
338,0.6868686868686869,2018-11-26 11:14:30.074913
339,0.6868686868686869,2018-11-26 11:10:02.728626
340,0.6868686868686869,2018-11-26 11:19:50.217113
341,0.6868686868686869,2018-11-26 10:56:43.655615
342,0.6666666666666666,2018-11-26 11:35:50.172184
343,0.696969696969697,2018-11-26 11:36:29.031376
344,0.45454545454545453,2018-11-26 11:38:54.940189
345,0.2727272727272727,2018-11-26 11:41:08.842629
346,0.2727272727272727,2018-11-26 11:42:36.217113
347,0.2727272727272727,2018-11-26 11:34:11.051844
348,0.2727272727272727,2018-11-26 11:40:51.728626
349,0.2727272727272727,2018-11-26 11:48:49.842629
350,0.2727272727272727,2018-11-26 11:43:39.655615
351,0.2727272727272727,2018-11-26 11:41:00.172184
352,0.2727272727272727,2018-11-26 11:46:45.940189
353,0.1717171717171717,2018-11-26 11:56:06.108781
354,0.1919191919191919,2018-11-26 11:58:03.033785
355,0.1919191919191919,2018-11-26 12:04:30.940189
356,0.2222222222222222,2018-11-26 11:56:57.051844
357,0.2222222222222222,2018-11-26 12:05:20.655615
358,0.1919191919191919,2018-11-26 12:07:04.023617
359,0.1919191919191919,2018-11-26 12:19:50.842629
360,0.1919191919191919,2018-11-26 12:05:51.217113
361,0.1919191919191919,2018-11-26 12:09:24.172184
362,0.1919191919191919,2018-11-26 12:16:42.728626
363,0.1919191919191919,2018-11-26 12:08:45.108781
364,0.12121212121212122,2018-11-26 12:20:51.937258
365,0.12121212121212122,2018-11-26 12:22:29.940189
366,0.12121212121212122,2018-11-26 12:16:01.172184
367,0.12121212121212122,2018-11-26 12:24:46.023617
368,0.050505050505050504,2018-11-26 12:40:49.265834
369,0.050505050505050504,2018-11-26 12:41:12.937258
370,0.15151515151515152,2018-11-26 12:24:24.217113
371,0.23232323232323232,2018-11-26 12:39:17.655615
372,0.15151515151515152,2018-11-26 12:42:03.226048
373,0.42424242424242425,2018-11-26 12:49:16.728626
374,0.42424242424242425,2018-11-26 12:51:09.226048
375,0.42424242424242425,2018-11-26 12:47:39.842629
376,0.42424242424242425,2018-11-26 12:52:37.108781
377,0.5151515151515151,2018-11-26 12:44:44.172184
378,0.48484848484848486,2018-11-26 12:53:02.877577
379,0.48484848484848486,2018-11-26 12:55:47.023617
380,0.48484848484848486,2018-11-26 13:04:51.265834
381,0.3838383838383838,2018-11-26 13:05:45.562495
382,0.3838383838383838,2018-11-26 13:12:13.937258
383,0.5757575757575758,2018-11-26 12:53:18.940189
384,0.5757575757575758,2018-11-26 13:19:06.023617
385,0.6565656565656566,2018-11-26 13:18:28.842629
386,0.6565656565656566,2018-11-26 13:16:21.108781
387,0.6565656565656566,2018-11-26 12:58:55.877577
388,0.6565656565656566,2018-11-26 13:29:20.226048
389,0.6565656565656566,2018-11-26 13:35:40.265834
390,0.6565656565656566,2018-11-26 13:20:32.562495
391,0.6464646464646465,2018-11-26 13:38:02.919052
392,0.45454545454545453,2018-11-26 13:38:17.499279
393,0.45454545454545453,2018-11-26 13:38:17.562495
394,0.46464646464646464,2018-11-26 13:41:52.023617
395,0.46464646464646464,2018-11-26 13:51:08.937258
396,0.46464646464646464,2018-11-26 13:43:12.919052
397,0.46464646464646464,2018-11-26 13:54:20.226048
398,0.23232323232323232,2018-11-26 13:57:07.848601
399,0.20202020202020202,2018-11-26 14:21:04.891583
400,0.20202020202020202,2018-11-26 14:26:05.265834
401,0.30303030303030304,2018-11-26 13:49:27.108781
402,0.30303030303030304,2018-11-26 13:45:51.877577
403,0.30303030303030304,2018-11-26 13:49:59.499279
404,0.30303030303030304,2018-11-26 13:56:02.562495
405,0.37373737373737376,2018-11-26 14:01:14.937258
406,0.47474747474747475,2018-11-26 14:08:15.562495
407,0.5050505050505051,2018-11-26 14:09:28.226048
408,0.5050505050505051,2018-11-26 14:14:13.919052
409,0.5050505050505051,2018-11-26 14:46:17.891583
410,0.5454545454545454,2018-11-26 14:51:28.265834
411,0.5454545454545454,2018-11-26 14:39:39.877577
412,0.5454545454545454,2018-11-26 14:18:42.499279
413,0.5454545454545454,2018-11-26 14:27:10.848601
414,0.5454545454545454,2018-11-26 14:42:02.919052
415,0.5454545454545454,2018-11-26 14:49:56.848601
416,0.5656565656565656,2018-11-26 14:56:14.877577
417,0.5656565656565656,2018-11-26 14:47:25.499279
418,0.5454545454545454,2018-11-26 14:59:08.898451
419,0.5454545454545454,2018-11-26 15:03:23.898451
420,0.5454545454545454,2018-11-26 15:04:02.891583
421,0.5454545454545454,2018-11-26 15:13:53.848601
422,0.7777777777777778,2018-11-26 15:16:08.499279
423,0.797979797979798,2018-11-26 15:12:51.919052
424,0.7575757575757576,2018-11-26 15:22:51.314415
425,0.5252525252525253,2018-11-26 15:23:41.733184
426,0.494949494949495,2018-11-26 15:25:40.172282
427,0.494949494949495,2018-11-26 15:26:09.898451
428,0.494949494949495,2018-11-26 15:22:01.891583
429,0.494949494949495,2018-11-26 15:34:33.172282
430,0.494949494949495,2018-11-26 15:42:26.314415
431,0.494949494949495,2018-11-26 15:44:02.733184
432,0.47474747474747475,2018-11-26 15:47:31.644204
433,0.696969696969697,2018-11-26 15:52:04.848601
434,0.696969696969697,2018-11-26 16:00:31.898451
435,0.696969696969697,2018-11-26 15:52:41.644204
436,0.47474747474747475,2018-11-26 16:13:10.506866
437,0.47474747474747475,2018-11-26 16:21:29.172282
438,0.47474747474747475,2018-11-26 16:07:26.314415
439,0.47474747474747475,2018-11-26 16:16:13.733184
440,0.5050505050505051,2018-11-26 15:52:50.891583
441,0.5353535353535354,2018-11-26 16:28:55.898451
442,0.5353535353535354,2018-11-26 16:23:42.644204
443,0.5353535353535354,2018-11-26 16:25:28.506866
444,0.5050505050505051,2018-11-26 16:30:08.995024
445,0.5050505050505051,2018-11-26 16:34:23.995024
446,0.5050505050505051,2018-11-26 16:36:30.314415
447,0.32323232323232326,2018-11-26 16:37:01.831162
448,0.32323232323232326,2018-11-26 16:43:01.644204
449,0.29292929292929293,2018-11-26 16:43:30.999812
450,0.29292929292929293,2018-11-26 16:44:42.172282
451,0.29292929292929293,2018-11-26 16:44:42.831162
452,0.29292929292929293,2018-11-26 16:48:24.733184
453,0.29292929292929293,2018-11-26 16:56:58.999812
454,0.32323232323232326,2018-11-26 16:51:46.172282
455,0.32323232323232326,2018-11-26 16:52:58.506866
456,0.43434343434343436,2018-11-26 16:56:55.644204
457,0.43434343434343436,2018-11-26 16:57:09.995024
458,0.47474747474747475,2018-11-26 17:07:19.314415
459,0.47474747474747475,2018-11-26 17:17:48.831162
460,0.7070707070707071,2018-11-26 17:13:24.733184
461,0.7070707070707071,2018-11-26 17:14:41.999812
462,0.6767676767676768,2018-11-26 17:25:32.793237
463,0.6767676767676768,2018-11-26 17:30:11.506866
464,0.8383838383838383,2018-11-26 17:33:39.506866
465,0.8383838383838383,2018-11-26 17:34:10.995024
466,0.8383838383838383,2018-11-26 17:36:38.999812
467,0.8383838383838383,2018-11-26 17:34:25.793237
468,0.7474747474747475,2018-11-26 17:46:56.064007
469,0.7474747474747475,2018-11-26 17:50:54.831162
470,0.7474747474747475,2018-11-26 17:52:43.064007
471,0.7575757575757576,2018-11-26 18:05:02.999812
472,0.7575757575757576,2018-11-26 18:21:21.793237
473,0.7878787878787878,2018-11-26 17:59:10.995024
474,0.8686868686868687,2018-11-26 18:21:55.831162
475,0.8383838383838383,2018-11-26 18:22:09.848514
476,0.8383838383838383,2018-11-26 18:28:02.848514
477,0.8282828282828283,2018-11-26 18:53:34.379095
478,0.6868686868686869,2018-11-26 19:02:03.424409
479,0.6868686868686869,2018-11-26 19:14:58.848514
480,0.6868686868686869,2018-11-26 18:30:54.064007
481,0.6868686868686869,2018-11-26 18:51:38.064007
482,0.6868686868686869,2018-11-26 19:15:09.793237
483,0.6868686868686869,2018-11-26 19:11:08.424409
484,0.4444444444444444,2018-11-26 19:24:00.087000
485,0.5353535353535354,2018-11-26 19:31:44.793237
486,0.5353535353535354,2018-11-26 18:58:44.379095
487,0.5757575757575758,2018-11-26 19:22:39.064007
488,0.5757575757575758,2018-11-26 19:31:50.379095
489,0.3939393939393939,2018-11-26 19:34:37.018695
490,0.3939393939393939,2018-11-26 19:41:57.424409
491,0.3939393939393939,2018-11-26 19:35:42.087000
492,0.35353535353535354,2018-11-26 19:45:04.931083
493,0.35353535353535354,2018-11-26 19:47:41.848514
494,0.32323232323232326,2018-11-26 20:00:55.934518
495,0.32323232323232326,2018-11-26 20:06:27.379095
496,0.32323232323232326,2018-11-26 19:42:18.018695
497,0.29292929292929293,2018-11-26 20:10:18.444162
498,0.29292929292929293,2018-11-26 20:10:23.934518
499,0.29292929292929293,2018-11-26 20:13:53.087000
500,0.29292929292929293,2018-11-26 19:46:43.931083
501,0.2222222222222222,2018-11-26 20:15:17.334108
502,0.12121212121212122,2018-11-26 20:16:30.291907
503,0.12121212121212122,2018-11-26 20:19:11.444162
504,0.15151515151515152,2018-11-26 20:11:06.848514
505,0.13131313131313133,2018-11-26 20:33:12.754179
506,0.030303030303030304,2018-11-26 20:35:19.147947
507,0.0,2018-11-26 20:39:13.413972
508,0.1111111111111111,2018-11-26 20:43:28.379095
509,0.1111111111111111,2018-11-26 20:13:19.018695
510,0.1111111111111111,2018-11-26 20:26:38.291907
511,0.1111111111111111,2018-11-26 20:35:23.934518
512,0.1111111111111111,2018-11-26 20:56:09.087000
513,0.1111111111111111,2018-11-26 20:19:17.931083
514,0.1111111111111111,2018-11-26 20:35:38.334108
515,0.1111111111111111,2018-11-26 20:32:22.424409
516,0.1111111111111111,2018-11-26 21:06:07.444162
517,0.1111111111111111,2018-11-26 20:56:27.754179
518,0.1111111111111111,2018-11-26 20:51:51.931083
519,0.1111111111111111,2018-11-26 20:43:28.413972
520,0.1111111111111111,2018-11-26 20:44:10.018695
521,0.20202020202020202,2018-11-26 21:00:24.018695
522,0.20202020202020202,2018-11-26 21:06:14.413972
523,0.1111111111111111,2018-11-26 21:22:55.892309
524,0.0,2018-11-26 21:24:00.150831
525,0.0707070707070707,2018-11-26 21:24:25.931083
526,0.0707070707070707,2018-11-26 21:13:34.291907
527,0.0707070707070707,2018-11-26 21:12:41.754179
528,0.3434343434343434,2018-11-26 20:55:08.424409
529,0.3434343434343434,2018-11-26 21:37:22.444162
530,0.3434343434343434,2018-11-26 21:24:12.934518
531,0.0707070707070707,2018-11-26 21:38:19.481790
532,0.0,2018-11-26 21:39:48.098569
533,0.2828282828282828,2018-11-26 21:40:01.087000
534,0.2828282828282828,2018-11-26 21:07:59.147947
535,0.2828282828282828,2018-11-26 21:08:44.334108
536,0.2828282828282828,2018-11-26 21:38:29.334108
537,0.2828282828282828,2018-11-26 21:40:36.413972
538,0.2828282828282828,2018-11-26 21:39:49.150831
539,0.2828282828282828,2018-11-26 21:41:56.147947
540,0.2828282828282828,2018-11-26 21:47:24.481790
541,0.40404040404040403,2018-11-26 22:08:11.444162
542,0.40404040404040403,2018-11-26 21:59:06.892309
543,0.43434343434343436,2018-11-26 21:49:35.934518
544,0.43434343434343436,2018-11-26 22:04:15.098569
545,0.43434343434343436,2018-11-26 22:00:30.291907
546,0.43434343434343436,2018-11-26 21:46:46.754179
547,0.47474747474747475,2018-11-26 22:09:18.334108
548,0.494949494949495,2018-11-26 22:13:42.413972
549,0.494949494949495,2018-11-26 22:02:08.150831
550,0.494949494949495,2018-11-26 22:07:28.147947
551,0.494949494949495,2018-11-26 22:18:13.481790
552,0.46464646464646464,2018-11-26 22:24:53.955344
553,0.46464646464646464,2018-11-26 22:27:38.150831
554,0.46464646464646464,2018-11-26 22:29:38.098569
555,0.4444444444444444,2018-11-26 22:40:13.761870
556,0.1919191919191919,2018-11-26 22:42:49.690797
557,0.26262626262626265,2018-11-26 22:47:26.291907
558,0.2828282828282828,2018-11-26 22:09:32.754179
559,0.2828282828282828,2018-11-26 22:29:32.892309
560,0.32323232323232326,2018-11-26 22:38:17.147947
561,0.32323232323232326,2018-11-26 22:51:31.690797
562,0.32323232323232326,2018-11-26 22:34:21.955344
563,0.32323232323232326,2018-11-26 22:56:33.892309
564,0.32323232323232326,2018-11-26 22:55:01.098569
565,0.32323232323232326,2018-11-26 22:46:06.761870
566,0.2828282828282828,2018-11-26 22:57:42.475246
567,0.2828282828282828,2018-11-26 23:02:05.481790
568,0.3939393939393939,2018-11-26 22:58:39.150831
569,0.3939393939393939,2018-11-26 23:07:23.690797
570,0.3939393939393939,2018-11-26 22:59:21.955344
571,0.32323232323232326,2018-11-26 23:16:51.782916
572,0.21212121212121213,2018-11-26 23:17:52.686738
573,0.09090909090909091,2018-11-26 23:19:58.465523
574,0.2727272727272727,2018-11-26 23:21:33.892309
575,0.3434343434343434,2018-11-26 23:17:47.098569
576,0.3434343434343434,2018-11-26 23:33:02.761870
577,0.3434343434343434,2018-11-26 23:03:29.475246
578,0.16161616161616163,2018-11-26 23:33:26.530758
579,0.16161616161616163,2018-11-26 23:37:16.465523
580,0.16161616161616163,2018-11-26 23:26:54.690797
581,0.16161616161616163,2018-11-26 23:41:37.955344
582,0.16161616161616163,2018-11-26 23:30:00.782916
583,0.16161616161616163,2018-11-26 23:43:11.686738
584,0.40404040404040403,2018-11-26 23:49:01.481790
585,0.40404040404040403,2018-11-26 23:56:05.761870
586,0.40404040404040403,2018-11-26 23:41:40.475246
587,0.40404040404040403,2018-11-26 23:41:07.530758
588,0.40404040404040403,2018-11-27 00:00:02.465523
589,0.5959595959595959,2018-11-26 23:49:13.690797
590,0.41414141414141414,2018-11-27 00:06:28.943333
591,0.3434343434343434,2018-11-27 00:07:30.191425
592,0.37373737373737376,2018-11-27 00:25:29.955344
593,0.37373737373737376,2018-11-27 00:02:34.782916
594,0.37373737373737376,2018-11-27 00:08:11.686738
595,0.37373737373737376,2018-11-27 00:20:41.943333
596,0.37373737373737376,2018-11-27 00:28:55.686738
597,0.37373737373737376,2018-11-27 00:12:08.530758
598,0.37373737373737376,2018-11-27 00:30:29.475246
599,0.40404040404040403,2018-11-27 00:24:29.761870
600,0.37373737373737376,2018-11-27 00:30:42.545174
601,0.37373737373737376,2018-11-27 00:31:57.191425
602,0.37373737373737376,2018-11-27 00:24:55.782916
603,0.37373737373737376,2018-11-27 00:34:24.465523
604,0.37373737373737376,2018-11-27 00:36:35.545174
605,0.37373737373737376,2018-11-27 00:54:43.191425
606,0.37373737373737376,2018-11-27 00:35:27.530758
607,0.46464646464646464,2018-11-27 00:53:15.475246
608,0.46464646464646464,2018-11-27 00:57:42.943333
609,0.5757575757575758,2018-11-27 01:02:01.686738
610,0.6666666666666666,2018-11-27 00:55:56.782916
611,0.696969696969697,2018-11-27 01:05:25.465523
612,0.696969696969697,2018-11-27 01:23:31.545174
613,0.696969696969697,2018-11-27 01:17:29.191425
614,0.7878787878787878,2018-11-27 00:58:13.530758
615,0.7878787878787878,2018-11-27 01:39:59.943333
616,0.7878787878787878,2018-11-27 01:45:12.545174
617,0.8282828282828283,2018-11-27 01:40:15.191425
618,0.7878787878787878,2018-11-27 01:47:20.282176
619,0.7878787878787878,2018-11-27 01:48:59.282176
620,0.5555555555555556,2018-11-27 02:14:09.289128
621,0.5757575757575758,2018-11-27 02:19:09.545174
622,0.7676767676767676,2018-11-27 01:50:05.943333
623,0.7676767676767676,2018-11-27 02:21:33.282176
624,0.7676767676767676,2018-11-27 02:21:16.289128
625,0.7272727272727273,2018-11-27 02:23:01.512193
626,0.7272727272727273,2018-11-27 02:28:48.512193
627,0.7070707070707071,2018-11-27 02:34:50.817223
628,0.7070707070707071,2018-11-27 02:39:05.817223
629,0.6161616161616161,2018-11-27 02:41:13.046304
630,0.6161616161616161,2018-11-27 02:50:06.046304
631,0.6161616161616161,2018-11-27 02:54:01.282176
632,0.6161616161616161,2018-11-27 02:39:49.289128
633,0.6161616161616161,2018-11-27 03:06:59.512193
634,0.6161616161616161,2018-11-27 03:04:28.817223
635,0.5151515151515151,2018-11-27 03:07:50.847528
636,0.32323232323232326,2018-11-27 03:18:01.956854
637,0.32323232323232326,2018-11-27 03:33:58.046304
638,0.3939393939393939,2018-11-27 03:19:01.282176
639,0.3939393939393939,2018-11-27 03:10:13.289128
640,0.3939393939393939,2018-11-27 03:49:15.512193
641,0.3939393939393939,2018-11-27 03:22:37.817223
642,0.3939393939393939,2018-11-27 03:17:58.847528
643,0.3939393939393939,2018-11-27 03:48:04.956854
644,0.37373737373737376,2018-11-27 03:53:08.846078
645,0.37373737373737376,2018-11-27 03:58:18.846078
646,0.6262626262626263,2018-11-27 03:25:21.289128
647,0.6565656565656566,2018-11-27 04:06:29.817223
648,0.5858585858585859,2018-11-27 04:14:04.313418
649,0.5858585858585859,2018-11-27 04:15:43.313418
650,0.5858585858585859,2018-11-27 03:51:27.847528
651,0.5555555555555556,2018-11-27 04:18:58.865384
652,0.30303030303030304,2018-11-27 04:22:26.029126
653,0.12121212121212122,2018-11-27 04:22:57.146827
654,0.12121212121212122,2018-11-27 04:23:13.865384
655,0.12121212121212122,2018-11-27 04:13:27.956854
656,0.12121212121212122,2018-11-27 04:24:01.847528
657,0.12121212121212122,2018-11-27 04:30:38.146827
658,0.12121212121212122,2018-11-27 04:45:59.865384
659,0.12121212121212122,2018-11-27 04:31:24.846078
660,0.12121212121212122,2018-11-27 04:24:23.046304
661,0.12121212121212122,2018-11-27 04:47:33.029126
662,0.2222222222222222,2018-11-27 04:36:11.512193
663,0.2222222222222222,2018-11-27 04:48:17.313418
664,0.2222222222222222,2018-11-27 04:38:50.956854
665,0.1919191919191919,2018-11-27 04:50:32.537350
666,0.29292929292929293,2018-11-27 04:56:35.847528
667,0.29292929292929293,2018-11-27 05:01:39.146827
668,0.2222222222222222,2018-11-27 05:11:49.349427
669,0.2222222222222222,2018-11-27 05:20:21.865384
670,0.494949494949495,2018-11-27 05:04:13.956854
671,0.5252525252525253,2018-11-27 04:47:09.046304
672,0.5252525252525253,2018-11-27 05:12:56.029126
673,0.5252525252525253,2018-11-27 05:21:46.313418
674,0.5252525252525253,2018-11-27 05:04:30.846078
675,0.5252525252525253,2018-11-27 05:08:14.537350
676,0.25252525252525254,2018-11-27 05:27:00.297394
677,0.18181818181818182,2018-11-27 05:36:20.806911
678,0.18181818181818182,2018-11-27 05:37:41.146827
679,0.18181818181818182,2018-11-27 05:32:10.349427
680,0.18181818181818182,2018-11-27 05:41:20.537350
681,0.18181818181818182,2018-11-27 05:41:13.297394
682,0.25252525252525254,2018-11-27 06:05:38.313418
683,0.36363636363636365,2018-11-27 05:35:31.846078
684,0.3838383838383838,2018-11-27 05:53:27.865384
685,0.3838383838383838,2018-11-27 05:47:14.029126
686,0.3838383838383838,2018-11-27 05:49:50.806911
687,0.47474747474747475,2018-11-27 06:10:21.146827
688,0.7474747474747475,2018-11-27 05:57:01.029126
689,0.7474747474747475,2018-11-27 05:57:39.537350
690,0.7474747474747475,2018-11-27 06:06:13.297394
691,0.7474747474747475,2018-11-27 06:01:03.349427
692,0.7474747474747475,2018-11-27 06:03:44.806911
693,0.7777777777777778,2018-11-27 06:09:52.537350
694,0.7575757575757576,2018-11-27 06:12:40.465658
695,0.7575757575757576,2018-11-27 06:17:50.465658
696,0.5757575757575758,2018-11-27 06:20:42.658543
697,0.30303030303030304,2018-11-27 06:23:00.786723
698,0.2828282828282828,2018-11-27 06:23:04.225352
699,0.2828282828282828,2018-11-27 06:24:37.806911
700,0.2828282828282828,2018-11-27 06:26:57.297394
701,0.2828282828282828,2018-11-27 06:28:08.349427
702,0.2222222222222222,2018-11-27 06:31:44.071498
703,0.2222222222222222,2018-11-27 06:46:14.465658
704,0.2222222222222222,2018-11-27 06:28:15.658543
705,0.2222222222222222,2018-11-27 06:38:38.786723
706,0.2222222222222222,2018-11-27 06:28:57.225352
707,0.29292929292929293,2018-11-27 06:55:26.806911
708,0.29292929292929293,2018-11-27 06:31:43.658543
709,0.36363636363636365,2018-11-27 06:50:27.349427
710,0.36363636363636365,2018-11-27 06:49:02.071498
711,0.36363636363636365,2018-11-27 06:54:04.658543
712,0.5858585858585859,2018-11-27 07:00:03.297394
713,0.5757575757575758,2018-11-27 07:00:49.395186
714,0.5757575757575758,2018-11-27 07:09:27.786723
715,0.5757575757575758,2018-11-27 07:02:26.225352
716,0.5757575757575758,2018-11-27 06:59:39.465658
717,0.5353535353535354,2018-11-27 07:11:09.568707
718,0.46464646464646464,2018-11-27 07:11:27.056862
719,0.46464646464646464,2018-11-27 07:11:48.071498
720,0.1919191919191919,2018-11-27 07:13:18.789762
721,0.1919191919191919,2018-11-27 07:17:49.225352
722,0.1919191919191919,2018-11-27 07:10:17.395186
723,0.12121212121212122,2018-11-27 07:19:33.653339
724,0.12121212121212122,2018-11-27 07:25:04.056862
725,0.30303030303030304,2018-11-27 07:22:28.658543
726,0.20202020202020202,2018-11-27 07:39:00.434521
727,0.020202020202020204,2018-11-27 07:39:26.920233
728,0.13131313131313133,2018-11-27 07:43:31.465658
729,0.13131313131313133,2018-11-27 07:24:55.568707
730,0.13131313131313133,2018-11-27 07:33:11.786723
731,0.13131313131313133,2018-11-27 07:34:34.071498
732,0.13131313131313133,2018-11-27 07:26:00.789762
733,0.16161616161616163,2018-11-27 07:48:38.225352
734,0.16161616161616163,2018-11-27 07:35:17.395186
735,0.16161616161616163,2018-11-27 07:37:50.653339
736,0.16161616161616163,2018-11-27 07:47:50.056862
737,0.16161616161616163,2018-11-27 07:50:32.653339
738,0.13131313131313133,2018-11-27 07:53:15.435816
739,0.13131313131313133,2018-11-27 08:00:17.395186
740,0.13131313131313133,2018-11-27 07:54:24.789762
741,0.41414141414141414,2018-11-27 08:04:12.786723
742,0.5353535353535354,2018-11-27 07:57:20.071498
743,0.5353535353535354,2018-11-27 07:59:08.435816
744,0.5353535353535354,2018-11-27 08:12:29.920233
745,0.5353535353535354,2018-11-27 07:58:52.568707
746,0.25252525252525254,2018-11-27 08:13:47.421729
747,0.1414141414141414,2018-11-27 08:14:41.088943
748,0.1414141414141414,2018-11-27 08:26:29.056862
749,0.1414141414141414,2018-11-27 08:15:21.653339
750,0.1414141414141414,2018-11-27 08:00:38.434521
751,0.1414141414141414,2018-11-27 08:20:02.568707
752,0.1414141414141414,2018-11-27 08:19:51.088943
753,0.1414141414141414,2018-11-27 08:46:04.435816
754,0.1414141414141414,2018-11-27 08:41:12.920233
755,0.1717171717171717,2018-11-27 08:32:28.395186
756,0.1717171717171717,2018-11-27 08:29:26.421729
757,0.1717171717171717,2018-11-27 08:23:32.789762
758,0.42424242424242425,2018-11-27 08:26:54.789762
759,0.1717171717171717,2018-11-27 08:48:45.305046
760,0.24242424242424243,2018-11-27 09:00:26.056862
761,0.24242424242424243,2018-11-27 08:33:12.434521
762,0.2828282828282828,2018-11-27 08:46:22.653339
763,0.2828282828282828,2018-11-27 08:48:15.088943
764,0.2828282828282828,2018-11-27 09:21:55.435816
765,0.2828282828282828,2018-11-27 09:01:42.434521
766,0.2828282828282828,2018-11-27 08:51:45.421729
767,0.35353535353535354,2018-11-27 08:42:48.568707
768,0.35353535353535354,2018-11-27 09:01:37.305046
769,0.35353535353535354,2018-11-27 09:05:59.920233
770,0.35353535353535354,2018-11-27 09:13:28.088943
771,0.26262626262626265,2018-11-27 09:24:36.339676
772,0.1919191919191919,2018-11-27 09:26:03.596642
773,0.1919191919191919,2018-11-27 09:31:43.305046
774,0.37373737373737376,2018-11-27 09:38:33.920233
775,0.37373737373737376,2018-11-27 09:14:03.421729
776,0.40404040404040403,2018-11-27 09:37:03.435816
777,0.5050505050505051,2018-11-27 09:39:53.434521
778,0.5252525252525253,2018-11-27 09:35:47.088943
779,0.5252525252525253,2018-11-27 09:37:07.339676
780,0.5252525252525253,2018-11-27 09:39:40.596642
781,0.494949494949495,2018-11-27 09:43:08.166211
782,0.494949494949495,2018-11-27 09:45:25.305046
783,0.7373737373737373,2018-11-27 09:44:52.421729
784,0.7070707070707071,2018-11-27 09:46:12.932152
785,0.46464646464646464,2018-11-27 09:48:43.751531
786,0.46464646464646464,2018-11-27 09:50:27.932152
787,0.46464646464646464,2018-11-27 09:54:52.339676
788,0.46464646464646464,2018-11-27 09:52:36.166211
789,0.36363636363636365,2018-11-27 10:03:25.250127
790,0.36363636363636365,2018-11-27 10:15:50.932152
791,0.36363636363636365,2018-11-27 10:02:26.596642
792,0.36363636363636365,2018-11-27 09:56:34.751531
793,0.36363636363636365,2018-11-27 10:13:12.751531
794,0.36363636363636365,2018-11-27 10:13:19.339676
795,0.5757575757575758,2018-11-27 10:16:14.305046
796,0.5757575757575758,2018-11-27 10:09:12.250127
797,0.5050505050505051,2018-11-27 10:16:54.563304
798,0.494949494949495,2018-11-27 10:26:26.290067
799,0.2727272727272727,2018-11-27 10:33:34.193521
800,0.20202020202020202,2018-11-27 10:37:34.269164
801,0.020202020202020204,2018-11-27 10:38:08.140772
802,0.020202020202020204,2018-11-27 10:48:56.932152
803,0.020202020202020204,2018-11-27 10:22:19.596642
804,0.020202020202020204,2018-11-27 10:17:36.166211
805,0.020202020202020204,2018-11-27 10:31:36.290067
806,0.020202020202020204,2018-11-27 10:45:49.140772
807,0.020202020202020204,2018-11-27 10:47:23.250127
808,0.020202020202020204,2018-11-27 10:41:21.563304
809,0.020202020202020204,2018-11-27 10:32:27.751531
810,0.020202020202020204,2018-11-27 10:50:00.193521
811,0.1414141414141414,2018-11-27 10:51:30.339676
812,0.1414141414141414,2018-11-27 10:50:49.269164
813,0.020202020202020204,2018-11-27 11:02:51.975055
814,0.020202020202020204,2018-11-27 11:04:07.563304
815,0.12121212121212122,2018-11-27 11:06:11.596642
816,0.12121212121212122,2018-11-27 11:06:25.166211
817,0.12121212121212122,2018-11-27 11:04:42.290067
818,0.12121212121212122,2018-11-27 11:11:44.975055
819,0.12121212121212122,2018-11-27 11:05:58.250127
820,0.10101010101010101,2018-11-27 11:15:52.579742
821,0.0,2018-11-27 11:17:41.604641
822,0.030303030303030304,2018-11-27 11:19:06.932152
823,0.31313131313131315,2018-11-27 11:10:38.751531
824,0.31313131313131315,2018-11-27 11:07:45.193521
825,0.31313131313131315,2018-11-27 11:21:38.269164
826,0.31313131313131315,2018-11-27 11:16:50.140772
827,0.2828282828282828,2018-11-27 11:21:49.684532
828,0.0,2018-11-27 11:22:50.473592
829,0.0,2018-11-27 11:26:53.563304
830,0.0,2018-11-27 11:27:42.684532
831,0.0,2018-11-27 11:29:30.159415
832,0.0,2018-11-27 11:30:05.290067
833,0.0,2018-11-27 11:58:40.975055
834,0.030303030303030304,2018-11-27 11:29:11.166211
835,0.0,2018-11-27 11:29:11.166211
836,0.0,2018-11-27 11:38:54.579742
837,0.0,2018-11-27 11:39:49.604641
838,0.0,2018-11-27 11:35:17.193521
839,0.1111111111111111,2018-11-27 11:52:51.290067
840,0.1111111111111111,2018-11-27 11:40:09.140772
841,0.21212121212121213,2018-11-27 11:39:55.250127
842,0.21212121212121213,2018-11-27 11:41:27.473592
843,0.2828282828282828,2018-11-27 11:52:16.563304
844,0.2828282828282828,2018-11-27 12:11:34.684532
845,0.2828282828282828,2018-11-27 12:01:25.269164
846,0.1717171717171717,2018-11-27 12:17:35.579513
847,0.10101010101010101,2018-11-27 12:23:33.140148
848,0.10101010101010101,2018-11-27 12:52:28.975055
849,0.10101010101010101,2018-11-27 11:46:53.166211
850,0.10101010101010101,2018-11-27 12:12:00.579742
851,0.10101010101010101,2018-11-27 12:10:38.604641
852,0.37373737373737376,2018-11-27 12:22:13.193521
853,0.5353535353535354,2018-11-27 12:05:32.140772
854,0.5353535353535354,2018-11-27 12:17:54.166211
855,0.5353535353535354,2018-11-27 12:37:23.579742
856,0.5757575757575758,2018-11-27 12:39:36.269164
857,0.5757575757575758,2018-11-27 12:33:24.579513
858,0.5757575757575758,2018-11-27 12:47:00.140148
859,0.35353535353535354,2018-11-27 12:54:40.148792
860,0.2828282828282828,2018-11-27 12:59:15.933941
861,0.30303030303030304,2018-11-27 13:00:09.579742
862,0.30303030303030304,2018-11-27 12:28:23.473592
863,0.30303030303030304,2018-11-27 12:42:23.684532
864,0.30303030303030304,2018-11-27 12:54:30.604641
865,0.30303030303030304,2018-11-27 12:48:55.166211
866,0.20202020202020202,2018-11-27 13:03:47.743822
867,0.32323232323232326,2018-11-27 13:15:14.975055
868,0.32323232323232326,2018-11-27 12:55:43.579513
869,0.32323232323232326,2018-11-27 13:20:06.140148
870,0.32323232323232326,2018-11-27 13:12:24.148792
871,0.32323232323232326,2018-11-27 13:14:31.933941
872,0.32323232323232326,2018-11-27 13:15:19.473592
873,0.3434343434343434,2018-11-27 13:13:12.684532
874,0.32323232323232326,2018-11-27 13:21:00.089879
875,0.21212121212121213,2018-11-27 13:40:35.482882
876,0.31313131313131315,2018-11-27 13:41:26.604641
877,0.3434343434343434,2018-11-27 13:17:19.166211
878,0.3434343434343434,2018-11-27 13:16:26.743822
879,0.3434343434343434,2018-11-27 13:25:28.579513
880,0.16161616161616163,2018-11-27 13:43:05.526244
881,0.16161616161616163,2018-11-27 13:49:41.482882
882,0.16161616161616163,2018-11-27 13:44:58.148792
883,0.16161616161616163,2018-11-27 13:39:46.933941
884,0.13131313131313133,2018-11-27 13:56:10.797410
885,0.13131313131313133,2018-11-27 13:57:04.526244
886,0.13131313131313133,2018-11-27 13:30:55.089879
887,0.13131313131313133,2018-11-27 13:41:01.089879
888,0.13131313131313133,2018-11-27 13:54:43.140148
889,0.40404040404040403,2018-11-27 14:02:35.473592
890,0.5151515151515151,2018-11-27 13:59:25.579513
891,0.5151515151515151,2018-11-27 14:00:18.743822
892,0.5151515151515151,2018-11-27 14:00:21.148792
893,0.5151515151515151,2018-11-27 14:00:30.933941
894,0.40404040404040403,2018-11-27 14:11:27.645524
895,0.37373737373737376,2018-11-27 14:12:10.946462
896,0.37373737373737376,2018-11-27 14:14:45.797410
897,0.37373737373737376,2018-11-27 14:18:03.946462
898,0.2828282828282828,2018-11-27 14:23:42.271762
899,0.0,2018-11-27 14:23:56.000530
900,0.0,2018-11-27 14:26:14.430240
901,0.0,2018-11-27 14:27:52.482882
902,0.0,2018-11-27 14:16:24.089879
903,0.0,2018-11-27 14:19:23.526244
904,0.0,2018-11-27 14:27:55.191131
905,0.0,2018-11-27 14:32:07.728949
906,0.0,2018-11-27 14:37:06.797410
907,0.2727272727272727,2018-11-27 14:31:10.148792
908,0.0,2018-11-27 14:31:10.148792
909,0.0707070707070707,2018-11-27 14:31:31.933941
910,0.0,2018-11-27 14:31:31.933941
911,0.0,2018-11-27 14:16:37.645524
912,0.0707070707070707,2018-11-27 14:19:43.140148
913,0.0,2018-11-27 14:19:43.140148
914,0.0,2018-11-27 14:37:09.022311
915,0.0,2018-11-27 14:41:41.526244
916,0.0,2018-11-27 14:45:01.645524
917,0.0,2018-11-27 14:33:50.271762
918,0.0,2018-11-27 14:39:34.000530
919,0.0,2018-11-27 14:51:38.645524
920,0.0,2018-11-27 14:38:19.140148
921,0.0,2018-11-27 14:44:10.743822
922,0.0,2018-11-27 14:59:27.797410
923,0.0,2018-11-27 14:45:51.148792
924,0.0,2018-11-27 14:59:31.933941
925,0.0,2018-11-27 14:48:36.482882
926,0.020202020202020204,2018-11-27 15:00:16.089879
927,0.0,2018-11-27 15:00:16.089879
928,0.0,2018-11-27 15:10:07.943463
929,0.18181818181818182,2018-11-27 15:12:30.526244
930,0.0,2018-11-27 15:12:30.526244
931,0.0,2018-11-27 15:04:59.946462
932,0.0,2018-11-27 15:08:10.148792
933,0.0,2018-11-27 15:10:23.000530
934,0.12121212121212122,2018-11-27 15:19:37.482882
935,0.0,2018-11-27 15:23:07.382228
936,0.0,2018-11-27 15:25:15.140148
937,0.0,2018-11-27 15:18:30.526244
938,0.030303030303030304,2018-11-27 15:30:16.797410
939,0.030303030303030304,2018-11-27 15:20:46.271762
940,0.030303030303030304,2018-11-27 15:46:27.933941
941,0.1414141414141414,2018-11-27 15:29:49.645524
942,0.1414141414141414,2018-11-27 15:37:31.089879
943,0.24242424242424243,2018-11-27 15:31:06.743822
944,0.24242424242424243,2018-11-27 15:40:50.946462
945,0.24242424242424243,2018-11-27 15:33:40.148792
946,0.24242424242424243,2018-11-27 15:54:15.000530
947,0.24242424242424243,2018-11-27 15:32:00.382228
948,0.24242424242424243,2018-11-27 15:48:18.140148
949,0.24242424242424243,2018-11-27 15:52:27.526244
950,0.13131313131313133,2018-11-27 16:05:31.328652
951,0.13131313131313133,2018-11-27 16:07:42.271762
952,0.13131313131313133,2018-11-27 16:05:29.382228
953,0.13131313131313133,2018-11-27 16:02:31.089879
954,0.16161616161616163,2018-11-27 16:05:50.946462
955,0.41414141414141414,2018-11-27 16:02:04.148792
956,0.3838383838383838,2018-11-27 16:09:06.455417
957,0.2828282828282828,2018-11-27 16:13:25.061845
958,0.030303030303030304,2018-11-27 16:39:19.101651
959,0.31313131313131315,2018-11-27 16:41:11.000530
960,0.31313131313131315,2018-11-27 16:09:30.933941
961,0.3838383838383838,2018-11-27 16:19:19.140148
962,0.3838383838383838,2018-11-27 16:06:23.526244
963,0.3838383838383838,2018-11-27 16:10:41.328652
964,0.35353535353535354,2018-11-27 16:47:06.438961
965,0.41414141414141414,2018-11-27 16:54:38.271762
966,0.41414141414141414,2018-11-27 16:31:55.382228
967,0.41414141414141414,2018-11-27 16:23:15.089879
968,0.41414141414141414,2018-11-27 16:24:30.455417
969,0.41414141414141414,2018-11-27 16:26:04.061845
970,0.41414141414141414,2018-11-27 16:34:18.455417
971,0.45454545454545453,2018-11-27 16:40:31.933941
972,0.45454545454545453,2018-11-27 16:43:04.455417
973,0.45454545454545453,2018-11-27 16:41:42.328652
974,0.5454545454545454,2018-11-27 16:49:40.382228
975,0.5151515151515151,2018-11-27 16:59:11.296558
976,0.5151515151515151,2018-11-27 16:59:55.101651
977,0.5353535353535354,2018-11-27 16:56:21.089879
978,0.7171717171717171,2018-11-27 16:50:15.526244
979,0.5959595959595959,2018-11-27 17:00:30.707119
980,0.5252525252525253,2018-11-27 17:03:48.226283
981,0.5252525252525253,2018-11-27 17:09:23.707119
982,0.5252525252525253,2018-11-27 16:56:34.438961
983,0.5252525252525253,2018-11-27 17:09:56.061845
984,0.5252525252525253,2018-11-27 17:01:01.328652
985,0.5252525252525253,2018-11-27 17:12:48.296558
986,0.5252525252525253,2018-11-27 17:10:01.101651
987,0.5555555555555556,2018-11-27 17:15:38.455417
988,0.5757575757575758,2018-11-27 17:19:34.328652
989,0.5757575757575758,2018-11-27 17:35:34.296558
990,0.5757575757575758,2018-11-27 17:21:34.438961
991,0.5757575757575758,2018-11-27 17:33:40.061845
992,0.5757575757575758,2018-11-27 17:23:23.226283
993,0.5757575757575758,2018-11-27 17:47:43.438961
994,0.5757575757575758,2018-11-27 17:32:22.101651
995,0.5757575757575758,2018-11-27 17:48:23.226283
996,0.5757575757575758,2018-11-27 17:56:19.707119
997,0.6666666666666666,2018-11-27 18:02:04.061845
998,0.6666666666666666,2018-11-27 18:00:06.296558
999,0.696969696969697,2018-11-27 18:11:37.438961
1000,0.8282828282828283,2018-11-27 18:03:11.101651
1001,0.8282828282828283,2018-11-27 18:06:25.226283
1002,0.898989898989899,2018-11-27 18:16:31.226283
1003,0.9595959595959596,2018-11-27 18:17:51.296558
1004,0.9595959595959596,2018-11-27 18:25:59.707119
1005,0.9797979797979798,2018-11-27 18:48:18.707119
