timestamp,percent_coverage,total_delay,count_pending
2018-11-26 14:36:44.475010,0.7575757575757576,0 days 00:00:00.000000000,0
2018-11-26 14:37:24.886109,0.5252525252525253,0 days 00:00:00.000000000,0
2018-11-26 14:45:15.886109,0.5252525252525253,0 days 00:00:00.000000000,0
2018-11-26 14:46:34.933668,0.494949494949495,0 days 00:00:00.000000000,0
2018-11-26 14:50:21.954220,0.3939393939393939,0 days 00:00:00.000000000,0
2018-11-26 14:50:57.475010,0.3939393939393939,0 days 00:00:00.000000000,0
2018-11-26 14:58:03.741128,0.21212121212121213,0 days 00:00:00.000000000,0
2018-11-26 15:02:22.174745,0.1414141414141414,0 days 00:00:00.000000000,0
2018-11-26 15:03:00.886109,0.1414141414141414,0 days 00:00:00.000000000,0
2018-11-26 14:55:27.933668,0.1414141414141414,0 days 00:00:00.000000000,0
2018-11-26 15:03:02.954220,0.1414141414141414,0 days 00:00:00.000000000,0
2018-11-26 15:09:24.380138,0.0707070707070707,0 days 00:00:00.000000000,0
2018-11-26 15:12:07.464936,0.0,0 days 00:00:00.000000000,0
2018-11-26 15:12:31.755509,0.0,0 days 00:00:00.000000000,1
2018-11-26 15:15:57.475010,0.0,0 days 00:03:25.719501000,1
2018-11-26 15:05:36.741128,0.0,-1 days +23:53:04.985619000,1
2018-11-26 15:09:04.741128,0.0,-1 days +23:56:32.985619000,1
2018-11-26 15:22:43.174745,0.0,0 days 00:10:11.419236000,1
2018-11-26 15:42:23.933668,0.0,0 days 00:29:52.178159000,1
2018-11-26 15:30:32.886109,0.0,0 days 00:18:01.130600000,1
2018-11-26 15:24:11.380138,0.0,0 days 00:11:39.624629000,1
2018-11-26 15:30:43.464936,0.0,0 days 00:18:11.709427000,1
2018-11-26 15:43:29.266622,0.0,0 days 00:30:57.511113000,2
2018-11-26 15:46:11.485608,0.0,0 days 00:36:21.949085000,3
2018-11-26 15:50:00.441275,0.0,0 days 00:47:48.816086000,4
2018-11-26 15:53:44.742155,0.0,0 days 01:02:46.019606000,5
2018-11-26 16:02:50.667364,0.0,0 days 01:48:15.645651000,6
2018-11-26 16:04:46.475010,0.0,0 days 01:59:50.491527000,6
2018-11-26 15:33:28.954220,0.0,-1 days +22:52:05.366787000,6
2018-11-26 15:31:25.741128,0.0,-1 days +22:39:46.088235000,6
2018-11-26 15:45:41.954220,0.0,0 days 00:05:23.366787000,6
2018-11-26 16:07:49.000844,0.0,0 days 02:18:05.646531000,7
2018-11-26 16:12:34.784006,0.0,0 days 02:51:26.128665000,8
2018-11-26 16:19:30.584591,0.0,0 days 03:46:52.533345000,9
2018-11-26 16:27:32.475010,0.2727272727272727,0 days 04:59:09.547116000,9
2018-11-26 16:27:32.475010,0.0,0 days 03:44:08.827615000,8
2018-11-26 15:51:07.174745,0.0,-1 days +22:52:46.425495000,8
2018-11-26 15:41:56.380138,0.0,-1 days +21:39:20.068639000,8
2018-11-26 15:58:27.380138,0.0,-1 days +23:51:28.068639000,8
2018-11-26 16:03:26.954220,0.10101010101010101,0 days 00:31:24.661295000,8
2018-11-26 16:03:26.954220,0.0,0 days 00:11:26.973697000,7
2018-11-26 16:04:01.886109,0.2828282828282828,0 days 00:15:31.496920000,7
2018-11-26 16:04:01.886109,0.0,-1 days +23:57:41.096419000,6
2018-11-26 16:09:13.954220,0.0,0 days 00:28:53.505085000,6
2018-11-26 16:04:12.464936,0.0,-1 days +23:58:44.569381000,6
2018-11-26 16:36:11.933668,0.0,0 days 03:10:41.381773000,6
2018-11-26 16:04:32.174745,0.0,0 days 00:00:42.828235000,6
2018-11-26 16:04:31.741128,0.18181818181818182,0 days 00:00:40.226533000,6
2018-11-26 16:04:31.741128,0.0,-1 days +23:46:08.926680000,5
2018-11-26 16:18:30.741128,0.0,0 days 00:56:03.926680000,5
2018-11-26 16:20:29.380138,0.10101010101010101,0 days 01:05:57.121730000,5
2018-11-26 16:20:29.380138,0.0,0 days 00:39:12.483747000,4
2018-11-26 16:22:38.886109,0.0,0 days 00:47:50.507631000,4
2018-11-26 16:33:38.380138,0.0,0 days 01:31:48.483747000,4
2018-11-26 16:36:46.464936,0.0,0 days 01:44:20.822939000,4
2018-11-26 16:39:57.359889,0.0,0 days 01:57:04.402751000,5
2018-11-26 16:40:14.475010,0.0,0 days 01:58:29.978356000,5
2018-11-26 16:45:29.953997,0.0,0 days 02:24:47.373291000,6
2018-11-26 16:46:30.800979,0.0,0 days 02:30:52.455183000,7
2018-11-26 16:48:24.174745,0.0707070707070707,0 days 02:44:06.071545000,7
2018-11-26 16:48:24.174745,0.0,0 days 01:58:32.564164000,6
2018-11-26 16:47:24.954220,0.0,0 days 01:52:37.241014000,6
2018-11-26 16:40:49.741128,0.0,0 days 01:13:05.962462000,6
2018-11-26 16:54:51.741128,0.0,0 days 02:37:17.962462000,6
2018-11-26 16:58:57.933668,0.12121212121212122,0 days 03:01:55.117702000,6
2018-11-26 16:58:57.933668,0.0,0 days 02:10:46.184878000,5
2018-11-26 17:01:17.218821,0.0,0 days 02:22:22.610643000,6
2018-11-26 17:06:12.380138,0.0,0 days 02:51:53.578545000,6
2018-11-26 16:56:07.886109,0.0,0 days 01:51:26.614371000,6
2018-11-26 17:11:15.475010,0.0,0 days 03:22:12.147777000,6
2018-11-26 17:08:45.174745,0.0,0 days 03:07:10.346187000,6
2018-11-26 17:12:24.954220,0.0,0 days 03:29:09.023037000,6
2018-11-26 17:09:20.464936,0.0707070707070707,0 days 03:10:42.087333000,6
2018-11-26 17:09:20.464936,0.0,0 days 02:13:56.406403000,5
2018-11-26 17:13:03.823620,0.0,0 days 02:32:33.199823000,6
2018-11-26 17:14:10.066468,0.0,0 days 02:39:10.656911000,7
2018-11-26 17:14:14.843858,0.0,0 days 02:39:44.098641000,8
2018-11-26 17:33:02.741128,0.18181818181818182,0 days 05:10:07.276801000,8
2018-11-26 17:33:02.741128,0.0,0 days 03:56:35.120264000,7
2018-11-26 17:16:15.933668,0.0,0 days 01:59:07.468044000,7
2018-11-26 17:21:35.380138,0.0,0 days 02:36:23.593334000,7
2018-11-26 17:33:47.464936,0.0,0 days 04:01:48.186920000,7
2018-11-26 17:34:34.475010,0.0,0 days 04:07:17.257438000,7
2018-11-26 17:37:44.587582,0.0,0 days 04:29:28.045442000,8
2018-11-26 17:39:01.933668,0.0,0 days 04:39:46.814130000,8
2018-11-26 17:37:24.954220,0.10101010101010101,0 days 04:26:50.978546000,8
2018-11-26 17:37:24.954220,0.0,0 days 03:29:23.384215000,7
2018-11-26 17:36:09.886109,0.0,0 days 03:20:37.907438000,7
2018-11-26 17:55:57.942982,0.0,0 days 05:39:14.305549000,8
2018-11-26 17:57:20.475010,0.2727272727272727,0 days 05:50:14.561773000,8
2018-11-26 17:57:20.475010,0.0,0 days 04:38:24.040760000,7
2018-11-26 17:41:51.174745,0.0,0 days 02:49:58.938905000,7
2018-11-26 17:52:24.380138,0.10101010101010101,0 days 04:03:51.376656000,7
2018-11-26 17:52:24.380138,0.0,0 days 02:57:57.797497000,6
2018-11-26 17:53:09.174745,0.0,0 days 03:02:26.565139000,6
2018-11-26 17:59:47.408316,0.0,0 days 03:42:15.966565000,7
2018-11-26 18:01:13.741128,0.0,0 days 03:52:20.296249000,7
2018-11-26 17:56:33.464936,0.0,0 days 03:19:38.362905000,7
2018-11-26 17:57:16.954220,0.0,0 days 03:24:42.787893000,7
2018-11-26 17:58:55.886109,0.2828282828282828,0 days 03:36:15.311116000,7
2018-11-26 17:58:55.886109,0.0,0 days 02:38:36.643828000,6
2018-11-26 18:06:18.072137,0.0,0 days 03:22:49.759996000,7
2018-11-26 18:20:50.475010,0.0,0 days 05:04:36.580107000,7
2018-11-26 17:58:54.933668,0.0,0 days 02:31:07.790713000,7
2018-11-26 18:07:11.380138,0.0,0 days 03:29:02.916003000,7
2018-11-26 18:14:33.886109,0.0,0 days 04:20:40.457800000,7
2018-11-26 18:22:09.513032,0.0,0 days 05:13:49.846261000,8
2018-11-26 18:33:47.741128,0.0,0 days 06:46:55.671029000,8
2018-11-26 18:28:25.464936,0.0,0 days 06:03:57.461493000,8
2018-11-26 18:10:24.954220,0.0,0 days 03:39:53.375765000,8
2018-11-26 18:31:20.174745,0.0707070707070707,0 days 06:27:15.139965000,8
2018-11-26 18:31:20.174745,0.0,0 days 05:08:58.788840000,7
2018-11-26 18:43:02.727537,0.0,0 days 06:30:56.658384000,8
2018-11-26 18:44:01.433060,0.0,0 days 06:38:46.302568000,9
2018-11-26 18:46:10.483841,0.0,0 days 06:58:07.759597000,10
2018-11-26 18:49:03.783992,0.0,0 days 07:27:00.761107000,11
2018-11-26 18:54:19.475010,0.0,0 days 08:24:53.362305000,11
2018-11-26 18:45:50.933668,0.12121212121212122,0 days 06:51:39.407543000,11
2018-11-26 18:45:50.933668,0.0,0 days 05:19:58.540343000,10
2018-11-26 18:18:05.380138,0.0,0 days 00:42:23.005043000,10
2018-11-26 18:45:22.886109,0.0,0 days 05:15:18.064753000,10
2018-11-26 18:54:37.278752,0.0,0 days 06:47:41.991183000,11
2018-11-26 19:06:15.741128,0.0,0 days 08:55:45.077319000,11
2018-11-26 18:59:14.464936,0.0707070707070707,0 days 07:38:31.039207000,11
2018-11-26 18:59:14.464936,0.0,0 days 05:53:31.418129000,10
2018-11-26 18:35:32.954220,0.0,0 days 01:56:36.310969000,10
2018-11-26 18:51:41.174745,0.0,0 days 04:37:58.516219000,10
2018-11-26 19:21:51.681220,0.0,0 days 09:39:43.580969000,11
2018-11-26 19:26:47.475010,0.0,0 days 10:33:57.312659000,11
2018-11-26 19:14:34.933668,0.0,0 days 08:19:39.357897000,11
2018-11-26 18:44:05.380138,0.0,0 days 02:44:14.269067000,11
2018-11-26 19:22:42.174745,0.0,0 days 09:48:59.009744000,11
2018-11-26 19:31:15.741128,0.18181818181818182,0 days 11:23:08.239957000,11
2018-11-26 19:31:15.741128,0.0,0 days 09:29:37.086411000,10
2018-11-26 19:32:22.464936,0.0,0 days 09:40:44.324491000,10
2018-11-26 19:08:06.954220,0.10101010101010101,0 days 05:38:09.217331000,10
2018-11-26 19:08:06.954220,0.0,0 days 04:26:00.206093000,9
2018-11-26 19:29:14.886109,0.0,0 days 07:36:11.593094000,9
2018-11-26 19:38:10.743300,0.0,0 days 08:56:34.307813000,10
2018-11-26 19:41:55.475010,0.2727272727272727,0 days 09:34:01.624913000,10
2018-11-26 19:41:55.475010,0.0,0 days 07:51:53.558219000,9
2018-11-26 19:45:23.933668,0.0,0 days 08:23:09.686141000,9
2018-11-26 19:12:29.380138,0.10101010101010101,0 days 03:26:58.704371000,9
2018-11-26 19:12:29.380138,0.0,0 days 02:20:47.396370000,8
2018-11-26 19:32:07.380138,0.0,0 days 04:57:51.396370000,8
2018-11-26 19:46:01.174745,0.0,0 days 06:49:01.753226000,8
2018-11-26 19:50:28.380138,0.0,0 days 07:24:39.396370000,8
2018-11-26 20:00:48.292672,0.0,0 days 08:47:18.696642000,9
2018-11-26 20:04:18.741128,0.0,0 days 09:18:52.732746000,9
2018-11-26 20:06:19.464936,0.0,0 days 09:36:59.247018000,9
2018-11-26 20:05:25.475010,0.0,0 days 09:28:53.337684000,9
2018-11-26 20:13:37.933668,0.0,0 days 10:42:45.465606000,9
2018-11-26 19:32:21.954220,0.0,0 days 04:31:21.650574000,9
2018-11-26 20:03:10.954220,0.0,0 days 09:08:42.650574000,9
2018-11-26 20:13:06.886109,0.2828282828282828,0 days 10:38:06.037575000,9
2018-11-26 20:13:06.886109,0.0,0 days 08:47:08.664498000,8
2018-11-26 20:23:30.380138,0.0,0 days 10:10:16.616730000,8
2018-11-26 20:11:24.174745,0.0707070707070707,0 days 08:33:26.973586000,8
2018-11-26 20:11:24.174745,0.0,0 days 07:05:05.526378000,7
2018-11-26 20:20:15.464936,0.0,0 days 08:07:04.557715000,7
2018-11-26 20:24:48.886109,0.0,0 days 08:38:58.505926000,7
2018-11-26 20:27:31.933668,0.12121212121212122,0 days 08:57:59.838839000,7
2018-11-26 20:27:31.933668,0.0,0 days 07:14:29.338231000,6
2018-11-26 20:25:10.174745,0.0,0 days 07:00:18.784693000,6
2018-11-26 20:33:59.954220,0.0,0 days 07:53:17.461543000,6
2018-11-26 20:52:21.475010,0.0,0 days 09:43:26.586283000,6
2018-11-26 20:28:58.380138,0.10101010101010101,0 days 07:23:08.017051000,6
2018-11-26 20:28:58.380138,0.0,0 days 05:40:20.120754000,5
2018-11-26 20:33:01.741128,0.0,0 days 06:00:36.925704000,5
2018-11-26 20:45:43.741128,0.0,0 days 07:04:06.925704000,5
2018-11-26 21:04:07.464936,0.0707070707070707,0 days 08:36:05.544744000,5
2018-11-26 21:04:07.464936,0.0,0 days 06:21:01.863800000,4
2018-11-26 20:36:24.933668,0.0,0 days 04:30:11.738728000,4
2018-11-26 21:02:59.886109,0.0,0 days 06:16:31.548492000,4
2018-11-26 20:55:49.741128,0.18181818181818182,0 days 05:47:50.968568000,4
2018-11-26 20:55:49.741128,0.0,0 days 03:46:38.506192000,3
2018-11-26 21:06:32.158591,0.0,0 days 04:18:45.758581000,4
2018-11-26 21:28:34.464936,0.0,0 days 05:46:54.983961000,4
2018-11-26 20:42:07.380138,0.0,0 days 02:41:06.644769000,4
2018-11-26 20:59:07.174745,0.0,0 days 03:49:05.823197000,4
2018-11-26 21:04:48.954220,0.10101010101010101,0 days 04:11:52.941097000,4
2018-11-26 21:04:48.954220,0.0,0 days 02:28:55.668097000,3
2018-11-26 21:24:39.174745,0.0,0 days 03:28:26.329672000,3
2018-11-26 21:14:41.380138,0.0,0 days 02:58:32.945851000,3
2018-11-26 21:33:10.475010,0.0,0 days 03:54:00.230467000,3
2018-11-26 21:11:42.741128,0.0,0 days 02:49:37.028821000,3
2018-11-26 21:41:37.515803,0.0,0 days 04:19:21.352846000,4
2018-11-26 21:53:57.464936,0.0,0 days 05:08:41.149378000,4
2018-11-26 21:23:20.933668,0.0,0 days 03:06:15.024306000,4
2018-11-26 21:39:07.886109,0.0,0 days 04:09:22.834070000,4
2018-11-26 21:15:36.954220,0.0,0 days 02:35:19.106514000,4
2018-11-26 21:33:21.954220,0.0,0 days 03:46:19.106514000,4
2018-11-26 21:55:28.174745,0.0707070707070707,0 days 05:14:43.988614000,4
2018-11-26 21:55:28.174745,0.0,0 days 02:57:26.557169000,3
2018-11-26 21:44:04.475010,0.2727272727272727,0 days 02:23:15.457964000,3
2018-11-26 21:44:04.475010,0.0,0 days 00:39:59.275626000,2
2018-11-26 21:38:38.380138,0.0,0 days 00:29:07.085882000,2
2018-11-26 21:51:50.954220,0.0,0 days 00:55:32.234046000,2
2018-11-26 21:56:22.689718,0.0,0 days 01:04:35.705042000,3
2018-11-26 22:04:11.975926,0.0,0 days 01:28:03.563666000,4
2018-11-26 22:07:04.504322,0.0,0 days 01:39:33.677250000,5
2018-11-26 22:14:35.174745,0.0,0 days 02:17:07.029365000,5
2018-11-26 21:53:09.475010,0.0,0 days 00:29:58.530690000,5
2018-11-26 21:34:03.741128,0.0,-1 days +22:54:29.861280000,5
2018-11-26 21:45:55.741128,0.0,-1 days +23:53:49.861280000,5
2018-11-26 22:15:33.074629,0.0,0 days 02:21:56.528785000,6
2018-11-26 22:19:47.719626,0.0,0 days 02:47:24.398767000,7
2018-11-26 22:25:47.954220,0.10101010101010101,0 days 03:29:26.040925000,7
2018-11-26 22:25:47.954220,0.0,0 days 02:10:10.245296000,6
2018-11-26 21:55:45.886109,0.2828282828282828,-1 days +23:09:57.836630000,6
2018-11-26 21:55:45.886109,0.0,-1 days +22:55:49.466324000,5
2018-11-26 22:11:23.886109,0.0,0 days 00:13:59.466324000,5
2018-11-26 22:17:08.933668,0.0,0 days 00:42:44.704119000,5
2018-11-26 22:27:56.873440,0.0,0 days 01:36:44.402979000,6
2018-11-26 22:41:12.174745,0.0,0 days 02:56:16.210809000,6
2018-11-26 22:19:52.741128,0.18181818181818182,0 days 00:48:19.609107000,6
2018-11-26 22:19:52.741128,0.0,0 days 00:24:49.557697000,5
2018-11-26 22:05:15.380138,0.10101010101010101,-1 days +23:11:42.752747000,5
2018-11-26 22:05:15.380138,0.0,-1 days +23:10:39.348535000,4
2018-11-26 22:15:23.380138,0.0,-1 days +23:51:11.348535000,4
2018-11-26 22:27:03.464936,0.0,0 days 00:37:51.687727000,4
2018-11-26 22:23:58.475010,0.0,0 days 00:25:31.728023000,4
2018-11-26 22:49:40.585300,0.0,0 days 02:08:20.169183000,5
2018-11-26 22:53:22.954220,0.0,0 days 02:26:52.013783000,5
2018-11-26 22:42:31.933668,0.12121212121212122,0 days 01:32:36.911023000,5
2018-11-26 22:42:31.933668,0.0,0 days 00:57:09.481677000,4
2018-11-26 22:58:04.464936,0.0707070707070707,0 days 01:59:19.606749000,4
2018-11-26 22:58:04.464936,0.0,0 days 01:16:48.216442000,3
2018-11-26 22:49:47.741128,0.0,0 days 00:51:58.045018000,3
2018-11-26 22:42:12.886109,0.0,0 days 00:29:13.479961000,3
2018-11-26 22:59:15.380138,0.0,0 days 01:20:20.962048000,3
2018-11-26 23:14:31.174745,0.0,0 days 02:06:08.345869000,3
2018-11-26 22:57:48.475010,0.0,0 days 01:16:00.246664000,3
2018-11-26 23:17:00.380729,0.0,0 days 02:13:35.963821000,4
2018-11-26 23:23:51.715925,0.0,0 days 02:41:01.304605000,5
2018-11-26 23:24:23.954220,0.0,0 days 02:43:42.496080000,5
2018-11-26 23:20:00.933668,0.0,0 days 02:21:47.393320000,5
2018-11-26 23:21:31.464936,0.0,0 days 02:29:20.049660000,5
2018-11-26 23:07:32.741128,0.0,0 days 01:19:26.430620000,5
2018-11-26 23:26:04.886109,0.0,0 days 02:52:07.155525000,5
2018-11-26 23:48:45.347942,0.0,0 days 04:45:29.464690000,6
2018-11-26 23:49:40.380138,0.0,0 days 04:50:59.657866000,6
2018-11-26 23:47:37.174745,0.0707070707070707,0 days 04:38:40.425508000,6
2018-11-26 23:47:37.174745,0.0,0 days 03:10:50.970389000,5
2018-11-26 23:22:48.475010,0.2727272727272727,0 days 01:06:47.471714000,5
2018-11-26 23:22:48.475010,0.0,0 days 00:11:55.870144000,4
2018-11-26 23:53:04.062159,0.0,0 days 02:12:58.218740000,5
2018-11-26 23:55:24.954220,0.0,0 days 02:24:42.679045000,5
2018-11-26 23:55:57.933668,0.0,0 days 02:27:27.576285000,5
2018-11-26 23:49:55.464936,0.0,0 days 01:57:15.232625000,5
2018-11-26 23:31:47.741128,0.0,0 days 00:26:36.613585000,5
2018-11-27 00:03:50.493164,0.0,0 days 03:06:50.373765000,6
2018-11-27 00:13:00.886109,0.2828282828282828,0 days 04:01:52.731435000,6
2018-11-27 00:13:00.886109,0.0,0 days 02:38:32.430626000,5
2018-11-27 00:10:34.933668,0.0,0 days 02:26:22.668421000,5
2018-11-27 00:00:52.174745,0.0,0 days 01:37:48.873806000,5
2018-11-26 23:40:59.475010,0.0,-1 days +23:58:25.375131000,5
2018-11-27 00:19:18.620023,0.0,0 days 03:10:01.100196000,6
2018-11-27 00:28:30.954220,0.10101010101010101,0 days 04:05:15.105378000,6
2018-11-27 00:28:30.954220,0.0,0 days 02:53:44.531887000,5
2018-11-27 00:12:26.380138,0.10101010101010101,0 days 01:33:21.661477000,5
2018-11-27 00:12:26.380138,0.0,0 days 00:44:46.997264000,4
2018-11-27 00:06:37.464936,0.0,0 days 00:21:31.336456000,4
2018-11-27 00:02:48.741128,0.18181818181818182,0 days 00:06:16.441224000,4
2018-11-27 00:02:48.741128,0.0,-1 days +23:52:13.048038000,3
2018-11-27 00:20:31.464936,0.0707070707070707,0 days 00:45:21.219462000,3
2018-11-27 00:20:31.464936,0.0,0 days 00:17:53.816685000,2
2018-11-27 00:34:34.380138,0.0,0 days 00:45:59.647089000,2
2018-11-27 00:31:37.886109,0.0,0 days 00:40:06.659031000,2
2018-11-27 00:14:56.475010,0.0,0 days 00:06:43.836833000,2
2018-11-27 00:39:50.655509,0.0,0 days 00:56:32.197831000,3
2018-11-27 00:41:00.494064,0.0,0 days 01:00:01.713496000,4
2018-11-27 00:41:09.954220,0.0,0 days 01:00:39.554120000,4
2018-11-27 00:42:01.475010,0.0,0 days 01:04:05.637280000,4
2018-11-27 00:23:13.174745,0.0,-1 days +23:48:52.436220000,4
2018-11-27 00:57:30.933668,0.12121212121212122,0 days 02:06:03.471912000,4
2018-11-27 00:57:30.933668,0.0,0 days 01:12:23.031408000,3
2018-11-27 00:43:34.464936,0.0,0 days 00:30:33.625212000,3
2018-11-27 01:04:20.475010,0.2727272727272727,0 days 01:32:51.655434000,3
2018-11-27 01:04:20.475010,0.0,0 days 00:47:49.800447000,2
2018-11-27 01:05:10.174745,0.0,0 days 00:49:29.199917000,2
2018-11-27 00:46:31.741128,0.0,0 days 00:12:12.332683000,2
2018-11-27 01:13:06.652162,0.0,0 days 01:05:22.154751000,3
2018-11-27 01:14:38.954220,0.0,0 days 01:09:59.060925000,3
2018-11-27 01:05:23.380138,0.0,0 days 00:42:12.338679000,3
2018-11-27 01:15:29.886109,0.0,0 days 01:12:31.856592000,3
2018-11-27 01:09:17.741128,0.0,0 days 00:53:55.421649000,3
2018-11-27 01:17:44.709337,0.0,0 days 01:19:16.326276000,4
2018-11-27 01:19:44.700412,0.0,0 days 01:27:16.290576000,5
2018-11-27 01:21:45.464936,0.0,0 days 01:37:20.113196000,5
2018-11-27 01:25:35.161973,0.0,0 days 01:56:28.598381000,6
2018-11-27 01:27:50.475010,0.0,0 days 02:10:00.476603000,6
2018-11-27 01:27:56.174745,0.0707070707070707,0 days 02:10:34.675013000,6
2018-11-27 01:27:56.174745,0.0,0 days 01:22:29.155777000,5
2018-11-27 01:29:09.933668,0.0,0 days 01:28:37.950392000,5
2018-11-27 01:47:06.954220,0.0,0 days 02:58:23.053152000,5
2018-11-27 01:29:07.380138,0.0,0 days 01:28:25.182742000,5
2018-11-27 01:49:50.174745,0.0,0 days 03:11:59.155777000,5
2018-11-27 01:36:13.933668,0.0,0 days 02:03:57.950392000,5
2018-11-27 02:10:34.464936,0.0,0 days 04:55:40.606732000,5
2018-11-27 02:02:13.380138,0.10101010101010101,0 days 04:13:55.182742000,5
2018-11-27 02:02:13.380138,0.0,0 days 02:52:42.296668000,4
2018-11-27 01:59:21.886109,0.0,0 days 02:41:16.320552000,4
2018-11-27 01:46:18.741128,0.0,0 days 01:49:03.740628000,4
2018-11-27 02:10:52.761421,0.0,0 days 03:27:19.821800000,5
2018-11-27 02:12:06.954220,0.10101010101010101,0 days 03:33:30.785795000,5
2018-11-27 02:12:06.954220,0.0,0 days 02:34:30.483737000,4
2018-11-27 02:14:46.475010,0.0,0 days 02:45:08.566897000,4
2018-11-27 02:02:03.174745,0.0,0 days 01:54:15.365837000,4
2018-11-27 01:58:28.933668,0.0,0 days 01:39:58.401529000,4
2018-11-27 02:23:00.035948,0.0,0 days 03:18:02.810649000,5
2018-11-27 02:24:21.174745,0.0,0 days 03:24:48.504634000,5
2018-11-27 02:16:48.380138,0.0,0 days 02:47:04.531599000,5
2018-11-27 02:24:29.503903,0.0,0 days 03:25:30.150424000,6
2018-11-27 02:28:47.474412,0.0,0 days 03:51:17.973478000,7
2018-11-27 02:31:52.579038,0.0,0 days 04:12:53.705860000,8
2018-11-27 02:33:20.464936,0.0707070707070707,0 days 04:24:36.793044000,8
2018-11-27 02:33:20.464936,0.0,0 days 03:09:01.037445000,7
2018-11-27 02:18:29.741128,0.18181818181818182,0 days 01:25:05.970789000,7
2018-11-27 02:18:29.741128,0.0,0 days 00:26:20.930073000,6
2018-11-27 02:26:10.741128,0.0,0 days 01:12:26.930073000,6
2018-11-27 02:39:41.954220,0.0,0 days 02:33:34.208625000,6
2018-11-27 02:46:17.886109,0.2828282828282828,0 days 03:13:09.799959000,6
2018-11-27 02:46:17.886109,0.0,0 days 01:52:27.075823000,5
2018-11-27 02:37:49.475010,0.0,0 days 01:10:05.020328000,5
2018-11-27 02:48:04.914409,0.0,0 days 02:01:22.217323000,6
2018-11-27 02:53:48.207088,0.0,0 days 02:35:41.973397000,7
2018-11-27 02:54:34.741128,0.0,0 days 02:41:07.711677000,7
2018-11-27 02:45:31.380138,0.0,0 days 01:37:44.184747000,7
2018-11-27 02:57:53.464936,0.0,0 days 03:04:18.778333000,7
2018-11-27 02:26:52.933668,0.12121212121212122,-1 days +23:27:15.059457000,7
2018-11-27 02:26:52.933668,0.0,-1 days +23:11:14.887210000,6
2018-11-27 02:44:21.933668,0.0,0 days 00:56:08.887210000,6
2018-11-27 02:55:10.174745,0.0707070707070707,0 days 02:00:58.333672000,6
2018-11-27 02:55:10.174745,0.0,0 days 01:28:48.194875000,5
2018-11-27 03:00:13.933668,0.0,0 days 01:54:06.989490000,5
2018-11-27 02:58:11.380138,0.0,0 days 01:43:54.221840000,5
2018-11-27 03:03:12.464936,0.0,0 days 02:08:59.645830000,5
2018-11-27 03:08:05.954220,0.0,0 days 02:33:27.092250000,5
2018-11-27 03:04:54.886109,0.0,0 days 02:17:31.751695000,5
2018-11-27 03:08:24.765919,0.0,0 days 02:35:01.150745000,6
2018-11-27 03:10:55.475010,0.2727272727272727,0 days 02:50:05.405291000,6
2018-11-27 03:10:55.475010,0.0,0 days 02:03:39.434184000,5
2018-11-27 03:22:58.741128,0.0,0 days 03:03:55.764774000,5
2018-11-27 03:23:10.174745,0.0,0 days 03:04:52.932859000,5
2018-11-27 03:19:34.933668,0.0,0 days 02:46:56.727474000,5
2018-11-27 03:23:37.475010,0.0,0 days 03:07:09.434184000,5
2018-11-27 03:24:54.447760,0.0,0 days 03:13:34.297934000,6
2018-11-27 03:29:45.893676,0.0,0 days 03:42:42.973430000,7
2018-11-27 03:30:10.024748,0.0,0 days 03:45:31.890934000,8
2018-11-27 03:31:55.464936,0.0,0 days 03:59:35.412438000,8
2018-11-27 03:31:43.954220,0.0,0 days 03:58:03.326710000,8
2018-11-27 03:35:54.039936,0.0,0 days 04:31:24.012438000,9
2018-11-27 03:44:15.458530,0.0,0 days 05:46:36.779784000,10
2018-11-27 03:47:14.933668,0.12121212121212122,0 days 06:16:31.531164000,10
2018-11-27 03:47:14.933668,0.0,0 days 04:58:04.071908000,9
2018-11-27 03:26:35.380138,0.10101010101010101,0 days 01:52:08.090138000,9
2018-11-27 03:26:35.380138,0.0,0 days 00:57:25.289038000,8
2018-11-27 03:56:04.741128,0.18181818181818182,0 days 04:53:20.176958000,8
2018-11-27 03:56:04.741128,0.0,0 days 03:45:20.350239000,7
2018-11-27 03:36:41.954220,0.10101010101010101,0 days 01:29:40.841883000,7
2018-11-27 03:36:41.954220,0.0,0 days 00:46:47.094751000,6
2018-11-27 03:51:50.886109,0.0,0 days 02:17:40.686085000,6
2018-11-27 03:36:43.380138,0.0,0 days 00:46:55.650259000,6
2018-11-27 03:56:55.464936,0.0707070707070707,0 days 02:48:08.159047000,6
2018-11-27 03:56:55.464936,0.0,0 days 01:59:37.460030000,5
2018-11-27 03:49:20.954220,0.0,0 days 01:21:44.906450000,5
2018-11-27 04:17:33.933668,0.0,0 days 03:42:49.803690000,5
2018-11-27 03:56:43.475010,0.0,0 days 01:58:37.510400000,5
2018-11-27 04:11:57.741128,0.0,0 days 03:14:48.840990000,5
2018-11-27 04:07:02.174745,0.0,0 days 02:50:11.009075000,5
2018-11-27 04:30:55.886109,0.0,0 days 04:49:39.565895000,5
2018-11-27 04:10:12.380138,0.0,0 days 03:06:02.036040000,5
2018-11-27 04:16:36.464936,0.0,0 days 03:38:02.460030000,5
2018-11-27 04:23:20.464936,0.0,0 days 04:11:42.460030000,5
2018-11-27 04:27:22.174745,0.0,0 days 04:31:51.009075000,5
2018-11-27 04:23:51.475010,0.0,0 days 04:14:17.510400000,5
2018-11-27 04:42:30.116108,0.0,0 days 05:47:30.715890000,6
2018-11-27 04:47:45.974500,0.0,0 days 06:19:05.866242000,7
2018-11-27 04:50:28.404595,0.0,0 days 06:38:02.876907000,8
2018-11-27 04:50:39.933668,0.0,0 days 06:39:35.109491000,8
2018-11-27 04:33:12.954220,0.0,0 days 04:19:59.273907000,8
2018-11-27 04:51:32.129586,0.0,0 days 06:46:32.676835000,9
2018-11-27 05:00:29.301239,0.0,0 days 08:07:07.221712000,10
2018-11-27 05:01:19.174745,0.0707070707070707,0 days 08:15:25.956772000,10
2018-11-27 05:01:19.174745,0.0,0 days 06:39:01.229787000,9
2018-11-27 04:41:23.380138,0.0,0 days 03:39:39.078324000,9
2018-11-27 04:42:46.741128,0.0,0 days 03:52:09.327234000,9
2018-11-27 04:40:44.464936,0.0,0 days 03:33:48.841506000,9
2018-11-27 05:03:29.886109,0.2828282828282828,0 days 06:58:37.632063000,9
2018-11-27 05:03:29.886109,0.0,0 days 05:24:53.639630000,8
2018-11-27 04:47:15.380138,0.10101010101010101,0 days 03:14:57.591862000,8
2018-11-27 04:47:15.380138,0.0,0 days 01:57:52.236472000,7
2018-11-27 05:12:43.182282,0.0,0 days 04:56:06.851480000,8
2018-11-27 05:20:29.741128,0.0,0 days 05:58:19.322248000,8
2018-11-27 05:13:18.464936,0.0707070707070707,0 days 05:00:49.112712000,8
2018-11-27 05:13:18.464936,0.0,0 days 03:23:24.687712000,7
2018-11-27 05:23:50.886109,0.0,0 days 04:37:11.635923000,7
2018-11-27 04:56:25.475010,0.2727272727272727,0 days 01:25:13.758230000,7
2018-11-27 04:56:25.475010,0.0,0 days 00:13:03.741750000,6
2018-11-27 05:27:30.007130,0.0,0 days 03:19:30.934470000,7
2018-11-27 05:28:36.933668,0.0,0 days 03:27:19.420236000,7
2018-11-27 05:14:57.464936,0.0,0 days 01:51:43.139112000,7
2018-11-27 05:29:19.174745,0.0,0 days 03:32:15.107775000,7
2018-11-27 05:01:02.380138,0.0,0 days 00:14:17.545526000,7
2018-11-27 05:31:23.741128,0.18181818181818182,0 days 03:46:47.072456000,7
2018-11-27 05:31:23.741128,0.0,0 days 02:57:53.447436000,6
2018-11-27 05:17:04.954220,0.0,0 days 01:32:00.725988000,6
2018-11-27 05:56:01.886109,0.0,0 days 05:25:42.317322000,6
2018-11-27 05:14:36.475010,0.0,0 days 01:17:09.850728000,6
2018-11-27 05:45:06.933668,0.12121212121212122,0 days 04:20:12.602676000,6
2018-11-27 05:45:06.933668,0.0,0 days 03:22:51.643508000,5
2018-11-27 05:47:31.464936,0.0,0 days 03:34:54.299848000,5
2018-11-27 06:06:14.921802,0.0,0 days 05:08:31.584178000,6
2018-11-27 06:12:07.886109,0.0,0 days 05:43:49.370020000,6
2018-11-27 05:37:43.380138,0.0,0 days 02:17:22.334194000,6
2018-11-27 05:54:25.741128,0.0,0 days 03:57:36.500134000,6
2018-11-27 06:00:56.954220,0.10101010101010101,0 days 04:36:43.778686000,6
2018-11-27 06:00:56.954220,0.0,0 days 03:26:15.229061000,5
2018-11-27 06:03:15.741128,0.0,0 days 03:37:49.163601000,5
2018-11-27 05:48:33.475010,0.0,0 days 02:24:17.833011000,5
2018-11-27 06:16:15.174745,0.0,0 days 04:42:46.331686000,5
2018-11-27 06:21:34.619447,0.0,0 days 05:09:23.555196000,6
2018-11-27 06:21:58.464936,0.0,0 days 05:11:46.628130000,6
2018-11-27 06:16:56.741128,0.0,0 days 04:41:36.285282000,6
2018-11-27 06:10:33.380138,0.0,0 days 04:03:16.119342000,6
2018-11-27 06:16:56.933668,0.0,0 days 04:41:37.440522000,6
2018-11-27 06:28:31.954220,0.0,0 days 05:51:07.563834000,6
2018-11-27 06:41:56.933668,0.0,0 days 07:11:37.440522000,6
2018-11-27 06:18:38.475010,0.0,0 days 04:51:46.688574000,6
2018-11-27 06:22:06.475010,0.2727272727272727,0 days 05:12:34.688574000,6
2018-11-27 06:22:06.475010,0.0,0 days 03:42:00.343150000,5
2018-11-27 06:36:19.475010,0.0,0 days 04:53:05.343150000,5
2018-11-27 06:44:41.489680,0.0,0 days 05:34:55.416500000,6
2018-11-27 06:49:07.741128,0.18181818181818182,0 days 06:01:32.925188000,6
2018-11-27 06:49:07.741128,0.0,0 days 04:12:54.485299000,5
2018-11-27 06:54:43.450975,0.0,0 days 04:40:53.034534000,6
2018-11-27 06:59:32.954220,0.0,0 days 05:09:50.054004000,6
2018-11-27 06:59:03.886109,0.2828282828282828,0 days 05:06:55.645338000,6
2018-11-27 06:59:03.886109,0.0,0 days 03:20:34.941511000,5
2018-11-27 07:01:19.475010,0.0,0 days 03:31:52.886016000,5
2018-11-27 07:02:40.933668,0.0,0 days 03:38:40.179306000,5
2018-11-27 06:47:34.380138,0.10101010101010101,0 days 02:23:07.411656000,5
2018-11-27 06:47:34.380138,0.0,0 days 01:03:03.038648000,4
2018-11-27 07:03:11.174745,0.0,0 days 02:05:30.217076000,4
2018-11-27 07:09:10.464936,0.0707070707070707,0 days 02:29:27.377840000,4
2018-11-27 07:09:10.464936,0.0,0 days 01:26:31.834706000,3
2018-11-27 07:18:38.302953,0.0,0 days 01:54:55.348757000,4
2018-11-27 07:22:58.002017,0.0,0 days 02:12:14.145013000,5
2018-11-27 07:30:47.917575,0.0,0 days 02:51:23.722803000,6
2018-11-27 07:32:50.741128,0.0,0 days 03:03:40.664121000,6
2018-11-27 07:16:28.380138,0.0,0 days 01:25:26.498181000,6
2018-11-27 07:06:54.886109,0.0,0 days 00:28:05.534007000,6
2018-11-27 07:24:39.886109,0.0,0 days 02:14:35.534007000,6
2018-11-27 07:30:21.475010,0.0,0 days 02:48:45.067413000,6
2018-11-27 07:35:34.954220,0.0,0 days 03:20:05.942673000,6
2018-11-27 07:33:41.933668,0.12121212121212122,0 days 03:08:47.819361000,6
2018-11-27 07:33:41.933668,0.0,0 days 01:56:40.505140000,5
2018-11-27 07:33:12.464936,0.0,0 days 01:54:13.161480000,5
2018-11-27 07:40:56.985610,0.0,0 days 02:32:55.764850000,6
2018-11-27 07:43:13.173880,0.0,0 days 02:46:32.894470000,7
2018-11-27 07:45:27.475010,0.2727272727272727,0 days 03:02:13.002380000,7
2018-11-27 07:45:27.475010,0.0,0 days 02:01:27.017050000,6
2018-11-27 07:50:11.162600,0.0,0 days 02:29:49.142590000,7
2018-11-27 07:50:25.380138,0.0,0 days 02:31:28.665356000,7
2018-11-27 07:50:07.174745,0.0707070707070707,0 days 02:29:21.227605000,7
2018-11-27 07:50:07.174745,0.0,0 days 01:33:57.503835000,6
2018-11-27 07:48:54.886109,0.0,0 days 01:26:43.772019000,6
2018-11-27 07:55:36.741128,0.0,0 days 02:06:54.902133000,6
2018-11-27 07:57:30.380138,0.0,0 days 02:18:16.736193000,6
2018-11-27 08:05:53.174745,0.0,0 days 03:08:33.503835000,6
2018-11-27 07:55:33.464936,0.0,0 days 02:06:35.244981000,6
2018-11-27 08:08:39.716072,0.0,0 days 03:25:12.751797000,7
2018-11-27 08:08:57.475010,0.0,0 days 03:27:17.064363000,7
2018-11-27 08:09:31.954220,0.10101010101010101,0 days 03:31:18.418833000,7
2018-11-27 08:09:31.954220,0.0,0 days 02:40:24.767566000,6
2018-11-27 08:09:12.933668,0.0,0 days 02:38:30.644254000,6
2018-11-27 08:10:49.464936,0.0,0 days 02:48:09.831862000,6
2018-11-27 08:12:10.244376,0.0,0 days 02:56:14.508502000,7
2018-11-27 08:14:13.283061,0.0,0 days 03:10:35.779297000,8
2018-11-27 08:18:51.741128,0.0,0 days 03:47:43.443833000,8
2018-11-27 08:21:47.629524,0.0,0 days 04:11:10.551001000,9
2018-11-27 08:29:23.954220,0.0,0 days 05:19:37.473265000,9
2018-11-27 08:11:16.174745,0.0,0 days 02:36:27.457990000,9
2018-11-27 08:22:00.886109,0.2828282828282828,0 days 04:13:09.860266000,9
2018-11-27 08:22:00.886109,0.0,0 days 03:14:06.976174000,8
2018-11-27 08:37:24.741128,0.18181818181818182,0 days 05:17:17.816326000,8
2018-11-27 08:37:24.741128,0.0,0 days 04:10:40.992773000,7
2018-11-27 08:35:41.380138,0.10101010101010101,0 days 03:58:37.465843000,7
2018-11-27 08:35:41.380138,0.0,0 days 03:03:53.071315000,6
2018-11-27 08:40:44.174745,0.0,0 days 03:34:09.838957000,6
2018-11-27 08:40:49.886109,0.0,0 days 03:34:44.107141000,6
2018-11-27 08:44:57.741128,0.0,0 days 03:59:31.237255000,6
2018-11-27 08:46:28.014883,0.0,0 days 04:08:32.879785000,7
2018-11-27 08:52:09.954220,0.0,0 days 04:48:26.455144000,7
2018-11-27 08:43:09.933668,0.0,0 days 03:45:26.311280000,7
2018-11-27 08:41:50.464936,0.0707070707070707,0 days 03:36:10.030156000,7
2018-11-27 08:41:50.464936,0.0,0 days 02:37:32.739100000,6
2018-11-27 08:48:25.741128,0.0,0 days 03:17:04.396252000,6
2018-11-27 08:57:49.380138,0.0,0 days 04:13:26.230312000,6
2018-11-27 09:04:05.858730,0.0,0 days 04:51:05.101864000,7
2018-11-27 09:04:24.050259,0.0,0 days 04:53:12.442567000,8
2018-11-27 09:12:02.933668,0.0,0 days 05:54:23.509839000,8
2018-11-27 09:05:17.464936,0.0,0 days 05:00:19.759983000,8
2018-11-27 08:55:53.475010,0.0,0 days 03:45:07.840575000,8
2018-11-27 09:14:55.954220,0.0,0 days 06:17:27.674255000,8
2018-11-27 09:27:40.174745,0.0707070707070707,0 days 07:59:21.438455000,8
2018-11-27 09:27:40.174745,0.0,0 days 06:21:52.426310000,7
2018-11-27 09:13:55.886109,0.0,0 days 04:45:42.405858000,7
2018-11-27 09:20:53.741128,0.0,0 days 05:34:27.390991000,7
2018-11-27 09:28:38.380138,0.0,0 days 06:28:39.864061000,7
2018-11-27 09:43:03.933668,0.12121212121212122,0 days 08:09:38.738771000,7
2018-11-27 09:43:03.933668,0.0,0 days 06:35:14.521175000,6
2018-11-27 09:36:18.464936,0.0,0 days 05:54:41.708783000,6
2018-11-27 09:49:41.475010,0.0,0 days 07:14:59.769227000,6
2018-11-27 09:37:41.954220,0.10101010101010101,0 days 06:03:02.644487000,6
2018-11-27 09:37:41.954220,0.0,0 days 04:37:30.934643000,5
2018-11-27 09:55:18.174745,0.0,0 days 06:05:32.037268000,5
2018-11-27 09:47:01.886109,0.0,0 days 05:24:10.594088000,5
2018-11-27 09:51:45.741128,0.18181818181818182,0 days 05:47:49.869183000,5
2018-11-27 09:51:45.741128,0.0,0 days 04:10:17.411116000,4
2018-11-27 09:56:22.380138,0.0,0 days 04:28:43.967156000,4
2018-11-27 10:03:53.933668,0.0,0 days 04:58:50.181276000,4
2018-11-27 10:08:50.464936,0.0,0 days 05:18:36.306348000,4
2018-11-27 10:07:38.741128,0.0,0 days 05:13:49.411116000,4
2018-11-27 10:06:29.954220,0.0,0 days 05:09:14.263484000,4
2018-11-27 10:09:57.954220,0.0,0 days 05:23:06.263484000,4
2018-11-27 10:15:14.798907,0.0,0 days 05:44:13.642232000,5
2018-11-27 10:16:03.933668,0.0,0 days 05:48:19.316037000,5
2018-11-27 10:12:27.475010,0.2727272727272727,0 days 05:30:17.022747000,5
2018-11-27 10:12:27.475010,0.0,0 days 03:39:37.177261000,4
2018-11-27 10:15:25.886109,0.2828282828282828,0 days 03:51:30.821657000,4
2018-11-27 10:15:25.886109,0.0,0 days 02:22:32.950431000,3
2018-11-27 10:20:18.174745,0.0,0 days 02:37:09.816339000,3
2018-11-27 10:29:15.933668,0.0,0 days 03:04:03.093108000,3
2018-11-27 10:26:40.475010,0.0,0 days 02:56:16.717134000,3
2018-11-27 10:20:16.380138,0.10101010101010101,0 days 02:37:04.432518000,3
2018-11-27 10:20:16.380138,0.0,0 days 01:20:53.911110000,2
2018-11-27 10:31:14.109692,0.0,0 days 01:42:49.370218000,3
2018-11-27 10:36:23.954220,0.0,0 days 01:58:18.903802000,3
2018-11-27 10:41:01.464936,0.0707070707070707,0 days 02:12:11.435950000,3
2018-11-27 10:41:01.464936,0.0,0 days 00:35:34.021273000,2
2018-11-27 10:38:27.741128,0.0,0 days 00:30:26.573657000,2
2018-11-27 10:22:32.886109,0.0,-1 days +23:58:36.863619000,2
2018-11-27 10:46:04.522596,0.0,0 days 00:45:40.136593000,3
2018-11-27 10:49:58.770110,0.0,0 days 00:57:22.879135000,4
2018-11-27 10:50:52.174745,0.0,0 days 01:00:56.497675000,4
2018-11-27 10:56:25.464936,0.0,0 days 01:23:09.658439000,4
2018-11-27 10:58:51.475010,0.0,0 days 01:32:53.698735000,4
2018-11-27 10:33:53.380138,0.0,-1 days +23:53:01.319247000,4
2018-11-27 10:54:08.954220,0.10101010101010101,0 days 01:14:03.615575000,4
2018-11-27 10:54:08.954220,0.0,0 days 00:35:09.460262000,3
2018-11-27 11:00:16.933668,0.12121212121212122,0 days 00:53:33.398606000,3
2018-11-27 11:00:16.933668,0.0,0 days 00:24:30.574630000,2
2018-11-27 11:05:02.856592,0.0,0 days 00:34:02.420478000,3
2018-11-27 11:10:13.806359,0.0,0 days 00:49:35.269779000,4
2018-11-27 11:14:00.954220,0.0,0 days 01:04:43.861223000,4
2018-11-27 10:36:26.886109,0.0,-1 days +22:34:27.588779000,4
2018-11-27 10:46:14.886109,0.0,-1 days +23:13:39.588779000,4
2018-11-27 10:58:27.886109,0.2828282828282828,0 days 00:02:31.588779000,4
2018-11-27 10:58:27.886109,0.0,-1 days +23:50:08.225266000,3
2018-11-27 11:28:52.741128,0.0,0 days 01:21:22.790323000,3
2018-11-27 11:17:34.933668,0.0,0 days 00:47:29.367943000,3
2018-11-27 11:29:27.475010,0.0,0 days 01:23:06.991969000,3
2018-11-27 11:23:52.464936,0.0,0 days 01:06:21.961747000,3
2018-11-27 11:32:49.152529,0.0,0 days 01:33:12.024526000,4
2018-11-27 11:33:48.618874,0.0,0 days 01:37:09.889906000,5
2018-11-27 11:36:46.954220,0.0,0 days 01:52:01.566636000,5
2018-11-27 10:56:39.380138,0.0,-1 days +22:31:23.696226000,5
2018-11-27 11:19:54.380138,0.0,0 days 00:27:38.696226000,5
2018-11-27 11:30:34.174745,0.0707070707070707,0 days 01:20:57.669261000,5
2018-11-27 11:30:34.174745,0.0,0 days 00:40:22.264626000,4
2018-11-27 11:33:48.380138,0.10101010101010101,0 days 00:53:19.086198000,4
2018-11-27 11:33:48.380138,0.0,0 days 00:24:33.562652000,3
2018-11-27 11:25:10.886109,0.0,-1 days +23:58:41.080565000,3
2018-11-27 11:35:16.886109,0.0,0 days 00:28:59.080565000,3
2018-11-27 11:37:40.731905,0.0,0 days 00:36:10.617953000,4
2018-11-27 11:45:38.799346,0.0,0 days 01:08:02.887717000,5
2018-11-27 11:47:08.886109,0.0,0 days 01:15:33.321532000,5
2018-11-27 11:50:52.380138,0.0,0 days 01:34:10.791677000,5
2018-11-27 11:47:59.464936,0.0,0 days 01:19:46.215667000,5
2018-11-27 11:51:38.741128,0.18181818181818182,0 days 01:38:02.596627000,5
2018-11-27 11:51:38.741128,0.0,0 days 00:56:37.661858000,4
2018-11-27 11:58:34.174745,0.0,0 days 01:24:19.396326000,4
2018-11-27 12:01:27.490628,0.0,0 days 01:35:52.659858000,5
2018-11-27 12:07:19.380138,0.0,0 days 02:05:12.107408000,5
2018-11-27 11:36:12.933668,0.0,-1 days +23:29:39.875058000,5
2018-11-27 11:54:39.933668,0.0,0 days 01:01:54.875058000,5
2018-11-27 12:00:28.475010,0.2727272727272727,0 days 01:30:57.581768000,5
2018-11-27 12:00:28.475010,0.0,0 days 01:03:18.259287000,4
2018-11-27 12:11:08.954220,0.0,0 days 01:46:00.176127000,4
2018-11-27 12:21:05.886109,0.2828282828282828,0 days 02:25:47.903683000,4
2018-11-27 12:21:05.886109,0.0,0 days 01:38:30.636448000,3
2018-11-27 12:17:41.741128,0.0,0 days 01:28:18.201505000,3
2018-11-27 12:30:31.475010,0.0,0 days 02:06:47.403151000,3
2018-11-27 12:23:33.380138,0.0,0 days 01:45:53.118535000,3
2018-11-27 12:26:10.464936,0.0707070707070707,0 days 01:53:44.372929000,3
2018-11-27 12:26:10.464936,0.0,0 days 01:05:14.639898000,2
2018-11-27 12:27:01.380138,0.10101010101010101,0 days 01:06:56.470302000,2
2018-11-27 12:27:01.380138,0.0,0 days 00:25:33.889510000,1
2018-11-27 12:42:59.570665,0.0,0 days 00:41:32.080037000,2
2018-11-27 12:45:30.174745,0.0,0 days 00:46:33.288197000,2
2018-11-27 12:27:13.933668,0.12121212121212122,0 days 00:10:00.806043000,2
2018-11-27 12:27:13.933668,0.0,-1 days +23:44:14.363003000,1
2018-11-27 12:47:48.886109,0.0,0 days 00:04:49.315444000,1
2018-11-27 12:42:41.741128,0.0,-1 days +23:59:42.170463000,1
2018-11-27 12:53:17.475010,0.0,0 days 00:10:17.904345000,1
2018-11-27 12:44:14.954220,0.10101010101010101,0 days 00:01:15.383555000,1
2018-11-27 12:44:14.954220,0.0,0 days 00:00:00.000000000,0
2018-11-27 12:49:25.464936,0.0,0 days 00:00:00.000000000,0
2018-11-27 12:46:39.380138,0.0,0 days 00:00:00.000000000,0
2018-11-27 12:53:22.129319,0.0,0 days 00:00:00.000000000,1
2018-11-27 12:58:25.080252,0.0,0 days 00:05:02.950933000,2
2018-11-27 13:06:16.988004,0.0,0 days 00:20:46.766437000,3
2018-11-27 13:09:15.664370,0.0,0 days 00:29:42.795535000,4
2018-11-27 13:20:57.819145,0.0,0 days 01:16:31.414635000,5
2018-11-27 13:22:41.970500,0.0,0 days 01:25:12.171410000,6
2018-11-27 13:30:18.475010,0.0,0 days 02:10:51.198470000,6
2018-11-27 12:44:31.933668,0.0,-1 days +21:36:11.950418000,6
2018-11-27 12:57:54.886109,0.0,-1 days +22:56:29.665064000,6
2018-11-27 13:03:25.741128,0.0,-1 days +23:29:34.795178000,6
2018-11-27 13:32:26.174745,0.0,0 days 02:23:37.396880000,6
2018-11-27 13:07:17.933668,0.0,-1 days +23:52:47.950418000,6
2018-11-27 13:07:10.464936,0.0,-1 days +23:52:03.138026000,6
2018-11-27 13:08:38.380138,0.0,0 days 00:00:50.629238000,6
2018-11-27 13:37:10.327912,0.0,0 days 02:52:02.315882000,7
2018-11-27 13:55:18.475010,0.2727272727272727,0 days 04:58:59.345568000,7
2018-11-27 13:55:18.475010,0.0,0 days 03:57:02.999877000,6
2018-11-27 13:13:20.954220,0.0,-1 days +23:45:17.875137000,6
2018-11-27 13:13:10.886109,0.0,-1 days +23:44:17.466471000,6
2018-11-27 13:28:39.380138,0.0,0 days 01:17:08.430645000,6
2018-11-27 13:55:38.133197,0.0,0 days 03:59:00.948999000,7
2018-11-27 14:06:06.199231,0.0,0 days 05:12:17.411237000,8
2018-11-27 14:08:00.475010,0.0,0 days 05:27:31.617469000,8
2018-11-27 13:38:20.954220,0.0,0 days 01:30:15.451149000,8
2018-11-27 13:25:09.464936,0.0,-1 days +23:44:43.536877000,8
2018-11-27 13:34:26.741128,0.18181818181818182,0 days 00:59:01.746413000,8
2018-11-27 13:34:26.741128,0.0,0 days 00:23:00.085537000,7
2018-11-27 14:17:31.810642,0.0,0 days 05:24:35.572135000,8
2018-11-27 14:19:22.174745,0.0707070707070707,0 days 05:39:18.484959000,8
2018-11-27 14:19:22.174745,0.0,0 days 04:26:13.298218000,7
2018-11-27 13:41:39.933668,0.0,0 days 00:02:17.610679000,7
2018-11-27 13:41:34.886109,0.2828282828282828,0 days 00:01:42.277766000,7
2018-11-27 13:41:34.886109,0.0,-1 days +23:29:23.056027000,6
2018-11-27 13:41:59.741128,0.0,-1 days +23:31:52.186141000,6
2018-11-27 13:49:03.741128,0.0,0 days 00:14:16.186141000,6
2018-11-27 14:39:01.475010,0.0,0 days 05:14:02.589433000,6
2018-11-27 13:55:58.464936,0.0707070707070707,0 days 00:55:44.528989000,6
2018-11-27 13:55:58.464936,0.0,0 days 00:20:43.883198000,5
2018-11-27 14:12:40.933668,0.12121212121212122,0 days 01:44:16.226858000,5
2018-11-27 14:12:40.933668,0.0,0 days 00:54:17.263690000,4
2018-11-27 14:17:27.741128,0.0,0 days 01:13:24.493530000,4
2018-11-27 14:20:36.954220,0.0,0 days 01:26:01.345898000,4
2018-11-27 14:00:23.886109,0.0,0 days 00:05:09.073454000,4
2018-11-27 13:59:28.380138,0.10101010101010101,0 days 00:01:27.049570000,4
2018-11-27 13:59:28.380138,0.0,-1 days +23:39:08.997344000,3
2018-11-27 14:25:37.380138,0.0,0 days 00:57:35.997344000,3
2018-11-27 14:41:16.174745,0.0,0 days 01:44:32.381165000,3
2018-11-27 14:20:00.464936,0.0,0 days 00:40:45.251738000,3
2018-11-27 14:50:08.024068,0.0,0 days 02:11:07.929134000,4
2018-11-27 14:55:03.475010,0.0,0 days 02:30:49.732902000,4
2018-11-27 14:50:37.380138,0.0,0 days 02:13:05.353414000,4
2018-11-27 14:57:54.174745,0.0,0 days 02:42:12.531842000,4
2018-11-27 14:31:24.886109,0.0,0 days 00:56:15.377298000,4
2018-11-27 14:34:08.933668,0.0,0 days 01:07:11.567534000,4
2018-11-27 14:41:39.933668,0.0,0 days 01:37:15.567534000,4
2018-11-27 14:47:26.886109,0.0,0 days 02:00:23.377298000,4
2018-11-27 14:55:38.741128,0.18181818181818182,0 days 02:33:10.797374000,4
2018-11-27 14:55:38.741128,0.0,0 days 01:33:10.189443000,3
2018-11-27 15:05:35.438365,0.0,0 days 02:03:00.281154000,4
2018-11-27 15:07:32.954220,0.10101010101010101,0 days 02:10:50.344574000,4
2018-11-27 15:07:32.954220,0.0,0 days 01:09:23.589585000,3
2018-11-27 14:55:42.933668,0.0,0 days 00:33:53.527929000,3
2018-11-27 15:20:11.954220,0.0,0 days 01:47:20.589585000,3
2018-11-27 14:50:49.464936,0.0,0 days 00:19:13.121733000,3
2018-11-27 15:21:23.174745,0.0,0 days 01:50:54.251160000,3
2018-11-27 15:21:38.464936,0.0,0 days 01:51:40.121733000,3
2018-11-27 15:34:22.886109,0.2828282828282828,0 days 02:29:53.385252000,3
2018-11-27 15:34:22.886109,0.0,0 days 01:13:02.309785000,2
2018-11-27 15:28:48.380138,0.0,0 days 01:01:53.297843000,2
2018-11-27 15:39:10.477474,0.0,0 days 01:22:37.492515000,3
2018-11-27 15:41:59.475010,0.2727272727272727,0 days 01:31:04.485123000,3
2018-11-27 15:41:59.475010,0.0,0 days 00:39:13.034181000,2
2018-11-27 15:33:53.933668,0.12121212121212122,0 days 00:23:01.951497000,2
2018-11-27 15:33:53.933668,0.0,-1 days +23:54:43.456194000,1
2018-11-27 15:45:55.886782,0.0,0 days 00:06:45.409308000,2
2018-11-27 15:54:43.886109,0.0,0 days 00:24:21.407962000,2
2018-11-27 15:21:41.741128,0.0,-1 days +23:18:17.118000000,2
2018-11-27 15:48:00.174745,0.0707070707070707,0 days 00:10:53.985234000,2
2018-11-27 15:48:00.174745,0.0,0 days 00:02:04.287963000,1
2018-11-27 15:42:59.933668,0.0,-1 days +23:57:04.046886000,1
2018-11-27 16:04:30.182382,0.0,0 days 00:18:34.295600000,2
2018-11-27 16:07:07.954220,0.0,0 days 00:23:49.839276000,2
2018-11-27 15:46:41.741128,0.0,-1 days +23:42:57.413092000,2
2018-11-27 16:09:54.174745,0.0,0 days 00:29:22.280326000,2
2018-11-27 15:52:27.464936,0.0707070707070707,-1 days +23:54:28.860708000,2
2018-11-27 15:52:27.464936,0.0,-1 days +23:47:57.282554000,1
2018-11-27 16:10:25.160292,0.0,0 days 00:05:54.977910000,2
2018-11-27 16:19:43.886109,0.0,0 days 00:24:32.429544000,2
2018-11-27 16:06:59.380138,0.10101010101010101,-1 days +23:59:03.417602000,2
2018-11-27 16:06:59.380138,0.0,-1 days +23:56:34.219846000,1
2018-11-27 16:12:02.475010,0.0,0 days 00:01:37.314718000,1
2018-11-27 16:10:03.464936,0.0,-1 days +23:59:38.304644000,1
2018-11-27 16:32:49.536853,0.0,0 days 00:22:24.376561000,2
2018-11-27 16:42:58.954220,0.0,0 days 00:42:43.211295000,2
2018-11-27 16:21:48.741128,0.0,0 days 00:00:22.785111000,2
2018-11-27 16:26:32.174745,0.0,0 days 00:09:49.652345000,2
2018-11-27 16:21:10.933668,0.0,-1 days +23:59:07.170191000,2
2018-11-27 16:46:33.886109,0.0,0 days 00:49:53.075073000,2
2018-11-27 16:23:22.380138,0.0,0 days 00:03:30.063131000,2
2018-11-27 16:37:25.475010,0.0,0 days 00:31:36.252875000,2
2018-11-27 16:26:09.464936,0.0,0 days 00:09:04.232727000,2
2018-11-27 16:44:44.464936,0.0,0 days 00:46:14.232727000,2
2018-11-27 16:46:52.774792,0.0,0 days 00:50:30.852439000,3
2018-11-27 16:55:34.475010,0.0,0 days 01:16:35.953093000,3
2018-11-27 17:07:58.954220,0.10101010101010101,0 days 01:53:49.390723000,3
2018-11-27 17:07:58.954220,0.0,0 days 00:56:15.596795000,2
2018-11-27 16:46:40.380138,0.0,0 days 00:13:38.448631000,2
2018-11-27 17:08:52.886109,0.2828282828282828,0 days 00:58:03.460573000,2
2018-11-27 17:08:52.886109,0.0,0 days 00:22:00.111317000,1
2018-11-27 16:52:14.741128,0.18181818181818182,0 days 00:05:21.966336000,1
2018-11-27 16:52:14.741128,0.0,0 days 00:00:00.000000000,0
2018-11-27 16:59:55.741128,0.0,0 days 00:00:00.000000000,0
2018-11-27 17:00:25.174745,0.0,0 days 00:00:00.000000000,0
2018-11-27 17:15:33.464936,0.0707070707070707,0 days 00:00:00.000000000,0
2018-11-27 17:00:44.933668,0.0707070707070707,0 days 00:00:00.000000000,0
2018-11-27 17:16:13.933668,0.1919191919191919,0 days 00:00:00.000000000,0
2018-11-27 17:13:08.380138,0.1919191919191919,0 days 00:00:00.000000000,0
2018-11-27 17:21:24.743734,0.0707070707070707,0 days 00:00:00.000000000,0
2018-11-27 17:30:56.741128,0.0707070707070707,0 days 00:00:00.000000000,0
2018-11-27 17:39:26.475010,0.3434343434343434,0 days 00:00:00.000000000,0
2018-11-27 17:37:04.954220,0.3434343434343434,0 days 00:00:00.000000000,0
2018-11-27 17:17:00.174745,0.3838383838383838,0 days 00:00:00.000000000,0
2018-11-27 17:27:29.886109,0.3838383838383838,0 days 00:00:00.000000000,0
2018-11-27 17:41:42.806336,0.1414141414141414,0 days 00:00:00.000000000,0
2018-11-27 17:47:05.380138,0.21212121212121213,0 days 00:00:00.000000000,0
2018-11-27 17:38:42.743734,0.21212121212121213,0 days 00:00:00.000000000,0
2018-11-27 17:49:15.639774,0.1414141414141414,0 days 00:00:00.000000000,0
2018-11-27 17:49:44.527711,0.0707070707070707,0 days 00:00:00.000000000,0
2018-11-27 17:50:15.741128,0.0707070707070707,0 days 00:00:00.000000000,0
2018-11-27 18:01:28.743734,0.0707070707070707,0 days 00:00:00.000000000,0
2018-11-27 17:59:23.639774,0.0707070707070707,0 days 00:00:00.000000000,0
2018-11-27 17:58:08.806336,0.0707070707070707,0 days 00:00:00.000000000,0
2018-11-27 18:01:50.471805,0.0,0 days 00:00:00.000000000,0
2018-11-27 18:02:04.954220,0.0,0 days 00:00:00.000000000,0
2018-11-27 18:07:04.368595,0.0,0 days 00:00:00.000000000,1
2018-11-27 18:11:07.166814,0.0,0 days 00:04:02.798219000,2
2018-11-27 18:12:38.478673,0.0,0 days 00:07:05.421937000,3
2018-11-27 18:14:25.886109,0.0,0 days 00:12:27.644245000,3
2018-11-27 18:10:05.527711,0.0,-1 days +23:59:26.569051000,3
2018-11-27 18:04:09.741128,0.18181818181818182,-1 days +23:41:39.209302000,3
2018-11-27 18:04:09.741128,0.0,-1 days +23:44:33.836769000,2
2018-11-27 18:11:50.741128,0.0,-1 days +23:59:55.836769000,2
2018-11-27 18:15:04.488088,0.0,0 days 00:06:23.330689000,3
2018-11-27 18:16:05.700863,0.0,0 days 00:09:26.969014000,4
2018-11-27 18:19:35.336339,0.0,0 days 00:23:25.510918000,5
2018-11-27 18:27:04.954220,0.0,0 days 01:00:53.600323000,5
2018-11-27 18:10:21.806336,0.0,-1 days +23:37:17.860903000,5
2018-11-27 18:33:25.673843,0.0,0 days 01:32:37.198438000,6
2018-11-27 18:35:51.806336,0.0,0 days 01:47:13.993396000,6
2018-11-27 18:37:28.886109,0.0,0 days 01:56:56.472034000,6
2018-11-27 18:46:19.639774,0.0,0 days 02:50:00.994024000,6
2018-11-27 18:38:29.743734,0.0,0 days 02:03:01.617784000,6
2018-11-27 18:26:06.471805,0.0,0 days 00:48:41.986210000,6
2018-11-27 18:42:51.741128,0.0,0 days 02:29:13.602148000,6
2018-11-27 18:46:23.471805,0.0,0 days 02:50:23.986210000,6
2018-11-27 18:41:06.527711,0.0,0 days 02:18:42.321646000,6
2018-11-27 18:50:26.422356,0.0,0 days 03:14:41.689516000,7
2018-11-27 18:52:04.954220,0.10101010101010101,0 days 03:26:11.412564000,7
2018-11-27 18:52:04.954220,0.0,0 days 02:45:13.625158000,6
2018-11-27 18:57:08.527711,0.0,0 days 03:15:35.066104000,6
2018-11-27 18:57:51.954220,0.0,0 days 03:19:55.625158000,6
2018-11-27 19:05:35.749479,0.0,0 days 04:06:18.396712000,7
2018-11-27 19:05:52.886109,0.2828282828282828,0 days 04:08:18.353122000,7
2018-11-27 19:05:52.886109,0.0,0 days 03:15:03.945686000,6
2018-11-27 19:17:34.639774,0.0,0 days 04:25:14.467676000,6
2018-11-27 19:15:23.741128,0.0,0 days 04:12:09.075800000,6
2018-11-27 19:19:48.625299,0.0,0 days 04:38:38.380826000,7
2018-11-27 19:20:53.829876,0.0,0 days 04:46:14.812865000,8
2018-11-27 19:28:20.471805,0.0,0 days 05:45:47.948297000,8
2018-11-27 19:15:30.743734,0.12121212121212122,0 days 04:03:10.123729000,8
2018-11-27 19:15:30.743734,0.0,0 days 03:02:43.868083000,7
2018-11-27 19:04:15.806336,0.2727272727272727,0 days 01:43:59.306297000,7
2018-11-27 19:04:15.806336,0.0,0 days 00:55:49.200824000,6
2018-11-27 19:29:59.345593,0.0,0 days 03:30:10.436366000,7
2018-11-27 19:34:18.806336,0.0,0 days 04:00:26.661567000,7
2018-11-27 19:40:23.741128,0.18181818181818182,0 days 04:43:01.205111000,7
2018-11-27 19:40:23.741128,0.0,0 days 03:22:12.800322000,6
2018-11-27 19:30:59.886109,0.0,0 days 02:25:49.670208000,6
2018-11-27 19:36:02.954220,0.0,0 days 02:56:08.078874000,6
2018-11-27 19:43:28.649050,0.0,0 days 03:40:42.247854000,7
2018-11-27 19:44:04.527711,0.0707070707070707,0 days 03:44:53.398481000,7
2018-11-27 19:44:04.527711,0.0,0 days 02:34:14.544613000,6
2018-11-27 19:51:06.471805,0.0707070707070707,0 days 03:16:26.209177000,6
2018-11-27 19:51:06.471805,0.0,0 days 02:15:46.159728000,5
2018-11-27 19:31:16.743734,0.0,0 days 00:36:37.519373000,5
2018-11-27 19:47:43.743734,0.0,0 days 01:58:52.519373000,5
2018-11-27 19:48:23.639774,0.10101010101010101,0 days 02:02:11.999573000,5
2018-11-27 19:48:23.639774,0.0,0 days 01:19:24.109278000,4
2018-11-27 20:03:34.028634,0.0,0 days 02:20:05.664718000,5
2018-11-27 20:05:59.723659,0.0,0 days 02:32:14.139843000,6
2018-11-27 20:06:26.741128,0.0,0 days 02:34:56.244657000,6
2018-11-27 19:57:04.806336,0.0,0 days 01:38:44.635905000,6
2018-11-27 19:56:46.954220,0.0,0 days 01:36:57.523209000,6
2018-11-27 20:03:10.639774,0.0,0 days 02:15:19.636533000,6
2018-11-27 20:07:24.310656,0.0,0 days 02:40:41.661825000,7
2018-11-27 20:10:41.471805,0.0,0 days 03:03:41.789868000,7
2018-11-27 19:53:45.886109,0.0,0 days 01:05:12.689996000,7
2018-11-27 20:09:20.743734,0.0,0 days 02:54:16.693371000,7
2018-11-27 20:18:37.527711,0.0,0 days 03:59:14.181210000,7
2018-11-27 20:21:10.743734,0.12121212121212122,0 days 04:17:06.693371000,7
2018-11-27 20:21:10.743734,0.0,0 days 03:15:44.574936000,6
2018-11-27 20:21:01.806336,0.0,0 days 03:14:50.950548000,6
2018-11-27 20:30:16.743734,0.0,0 days 04:10:20.574936000,6
2018-11-27 20:20:55.639774,0.0,0 days 03:14:13.951176000,6
2018-11-27 20:31:26.741128,0.0,0 days 04:17:20.559300000,6
2018-11-27 20:28:07.886109,0.0,0 days 03:57:27.429186000,6
2018-11-27 20:27:47.954220,0.10101010101010101,0 days 03:55:27.837852000,6
2018-11-27 20:27:47.954220,0.0,0 days 02:48:33.713508000,5
2018-11-27 20:41:23.527711,0.0,0 days 03:56:31.580963000,5
2018-11-27 20:42:52.471805,0.0,0 days 04:03:56.301433000,5
2018-11-27 20:56:31.886109,0.2828282828282828,0 days 05:12:13.372953000,5
2018-11-27 20:56:31.886109,0.0,0 days 03:45:40.832437000,4
2018-11-27 20:56:53.954220,0.0,0 days 03:47:09.104881000,4
2018-11-27 20:45:10.639774,0.0,0 days 03:00:15.847097000,4
2018-11-27 21:00:30.741128,0.0,0 days 04:01:36.252513000,4
2018-11-27 20:59:12.806336,0.2727272727272727,0 days 03:56:24.513345000,4
2018-11-27 20:59:12.806336,0.0,0 days 02:40:40.356059000,3
2018-11-27 21:08:27.743734,0.0,0 days 03:08:25.168253000,3
2018-11-27 21:01:16.527711,0.0,0 days 02:46:51.520184000,3
2018-11-27 21:03:25.471805,0.0,0 days 02:53:18.352466000,3
2018-11-27 21:03:38.886109,0.0,0 days 02:53:58.595378000,3
2018-11-27 21:14:04.322729,0.0,0 days 03:25:14.905238000,4
2018-11-27 21:19:57.630340,0.0,0 days 03:48:48.135682000,5
2018-11-27 21:20:42.064994,0.0,0 days 03:52:30.308952000,6
2018-11-27 21:21:53.954220,0.0,0 days 03:59:41.644308000,6
2018-11-27 21:16:11.639774,0.10101010101010101,0 days 03:25:27.757632000,6
2018-11-27 21:16:11.639774,0.0,0 days 02:12:50.146492000,5
2018-11-27 21:22:51.741128,0.18181818181818182,0 days 02:46:10.653262000,5
2018-11-27 21:22:51.741128,0.0,0 days 01:29:18.635793000,4
2018-11-27 21:13:25.806336,0.0,0 days 00:51:34.896625000,4
2018-11-27 21:29:11.743734,0.0,0 days 01:54:38.646217000,4
2018-11-27 21:42:20.639774,0.0,0 days 02:47:14.230377000,4
2018-11-27 21:32:08.471805,0.0707070707070707,0 days 02:06:25.558501000,4
2018-11-27 21:32:08.471805,0.0,0 days 00:41:41.397352000,3
2018-11-27 21:22:11.886109,0.0,0 days 00:11:51.640264000,3
2018-11-27 21:48:25.639882,0.0,0 days 01:30:32.901583000,4
2018-11-27 21:55:11.471805,0.0,0 days 01:57:36.229275000,4
2018-11-27 21:48:12.527711,0.0707070707070707,0 days 01:29:40.452899000,4
2018-11-27 21:48:12.527711,0.0,0 days 00:55:32.247917000,3
2018-11-27 21:59:30.316856,0.0,0 days 01:29:25.615352000,4
2018-11-27 21:59:46.276415,0.0,0 days 01:30:29.453588000,5
2018-11-27 22:00:12.743734,0.12121212121212122,0 days 01:32:41.790183000,5
2018-11-27 22:00:12.743734,0.0,0 days 00:52:26.676789000,4
2018-11-27 21:38:25.806336,0.0,-1 days +23:25:18.927197000,4
2018-11-27 22:00:30.954220,0.0,0 days 00:53:39.518733000,4
2018-11-27 22:00:43.527711,0.0,0 days 00:54:29.812697000,4
2018-11-27 21:55:54.741128,0.0,0 days 00:35:14.666365000,4
2018-11-27 21:56:08.886109,0.0,0 days 00:36:11.246289000,4
2018-11-27 22:11:03.092072,0.0,0 days 01:35:48.070141000,5
2018-11-27 22:14:38.954220,0.10101010101010101,0 days 01:53:47.380881000,5
2018-11-27 22:14:38.954220,0.0,0 days 00:59:50.491655000,4
2018-11-27 22:07:20.639774,0.0,0 days 00:30:37.233871000,4
2018-11-27 22:24:37.741128,0.0,0 days 01:39:45.639287000,4
2018-11-27 22:14:33.806336,0.0,0 days 00:59:29.900119000,4
2018-11-27 22:23:54.471805,0.0,0 days 01:36:52.561995000,4
2018-11-27 22:21:21.527711,0.0,0 days 01:26:40.785619000,4
2018-11-27 22:26:51.612975,0.0,0 days 01:48:41.126675000,5
2018-11-27 22:32:02.743734,0.0,0 days 02:14:36.780470000,5
2018-11-27 22:30:05.886109,0.2828282828282828,0 days 02:04:52.492345000,5
2018-11-27 22:30:05.886109,0.0,0 days 01:23:12.246118000,4
2018-11-27 22:42:13.954220,0.0,0 days 02:11:44.518562000,4
2018-11-27 22:33:29.639774,0.0,0 days 01:36:47.260778000,4
2018-11-27 22:45:33.891230,0.0,0 days 02:25:04.266602000,5
2018-11-27 22:50:02.005989,0.0,0 days 02:47:24.840397000,6
2018-11-27 22:53:59.863266,0.0,0 days 03:11:11.984059000,7
2018-11-27 22:56:47.741128,0.0,0 days 03:30:47.129093000,7
2018-11-27 22:32:18.806336,0.2727272727272727,0 days 00:39:24.585549000,7
2018-11-27 22:32:18.806336,0.0,0 days 00:06:36.096069000,6
2018-11-27 22:43:55.471805,0.0,0 days 01:16:16.088883000,6
2018-11-27 22:33:52.527711,0.0,0 days 00:15:58.424319000,6
2018-11-27 23:04:13.743734,0.0,0 days 03:18:05.720457000,6
2018-11-27 22:41:47.886109,0.0,0 days 01:03:30.574707000,6
2018-11-27 23:06:16.471805,0.0707070707070707,0 days 03:30:22.088883000,6
2018-11-27 23:06:16.471805,0.0,0 days 02:23:51.893493000,5
2018-11-27 22:57:23.639774,0.10101010101010101,0 days 01:39:27.733338000,5
2018-11-27 22:57:23.639774,0.0,0 days 00:53:07.185636000,4
2018-11-27 23:19:07.743734,0.0,0 days 02:20:03.601476000,4
2018-11-27 22:46:59.806336,0.0,0 days 00:11:31.851884000,4
2018-11-27 23:15:19.954220,0.0,0 days 02:04:52.443420000,4
2018-11-27 23:04:41.527711,0.0707070707070707,0 days 01:22:18.737384000,4
2018-11-27 23:04:41.527711,0.0,0 days 00:44:28.822648000,3
2018-11-27 23:25:57.519259,0.0,0 days 01:48:16.797292000,4
2018-11-27 23:36:33.741128,0.18181818181818182,0 days 02:30:41.684768000,4
2018-11-27 23:36:33.741128,0.0,0 days 01:39:41.834870000,3
2018-11-27 23:09:18.806336,0.0,0 days 00:17:57.030494000,3
2018-11-27 23:29:43.471805,0.0,0 days 01:19:11.026901000,3
2018-11-27 23:22:01.639774,0.0,0 days 00:56:05.530808000,3
2018-11-27 23:44:06.741128,0.0,0 days 02:02:20.834870000,3
2018-11-27 23:19:58.886109,0.0,0 days 00:49:57.269813000,3
2018-11-27 23:31:38.954220,0.0,0 days 01:24:57.474146000,3
2018-11-27 23:32:41.527711,0.0,0 days 01:28:05.194619000,3
2018-11-27 23:47:11.961047,0.0,0 days 02:11:36.494627000,4
2018-11-27 23:49:23.954220,0.10101010101010101,0 days 02:20:24.467319000,4
2018-11-27 23:49:23.954220,0.0,0 days 01:21:02.519088000,3
2018-11-27 23:27:15.806336,0.0,0 days 00:14:38.075436000,3
2018-11-27 23:51:10.741128,0.0,0 days 01:26:22.879812000,3
2018-11-27 23:55:07.639774,0.0,0 days 01:38:13.575750000,3
2018-11-27 23:51:41.743734,0.12121212121212122,0 days 01:27:55.887630000,3
2018-11-27 23:51:41.743734,0.0,0 days 00:30:14.007162000,2
2018-11-28 00:00:51.886109,0.0,0 days 00:48:34.291912000,2
2018-11-28 00:00:44.471805,0.0,0 days 00:48:19.463304000,2
2018-11-28 00:10:18.719264,0.0,0 days 01:07:27.958222000,3
2018-11-28 00:19:37.527711,0.0,0 days 01:35:24.383563000,3
2018-11-28 00:16:58.954220,0.0,0 days 01:27:28.663090000,3
2018-11-28 00:03:56.806336,0.2727272727272727,0 days 00:48:22.219438000,3
2018-11-28 00:03:56.806336,0.0,0 days 00:10:22.932361000,2
2018-11-28 00:22:24.295586,0.0,0 days 00:47:17.910861000,3
2018-11-28 00:30:09.741128,0.0,0 days 01:10:34.247487000,3
2018-11-28 00:20:30.639774,0.0,0 days 00:41:36.943425000,3
2018-11-28 00:22:00.743734,0.0,0 days 00:46:07.255305000,3
2018-11-28 00:08:31.886109,0.2828282828282828,0 days 00:05:40.682430000,3
2018-11-28 00:08:31.886109,0.0,-1 days +23:44:20.757368000,2
2018-11-28 00:13:30.886109,0.0,-1 days +23:54:18.757368000,2
2018-11-28 00:29:57.886109,0.0,0 days 00:27:12.757368000,2
2018-11-28 00:31:45.471805,0.0,0 days 00:30:47.928760000,2
2018-11-28 00:42:40.527711,0.0,0 days 00:52:38.040572000,2
2018-11-28 00:47:59.954220,0.0,0 days 01:03:16.893590000,2
2018-11-28 00:43:16.639774,0.10101010101010101,0 days 00:53:50.264698000,2
2018-11-28 00:43:16.639774,0.0,0 days 00:20:52.344188000,1
2018-11-28 00:53:01.743734,0.0,0 days 00:30:37.448148000,1
2018-11-28 00:33:59.806336,0.0,0 days 00:11:35.510750000,1
2018-11-28 00:53:48.410053,0.0,0 days 00:31:24.114467000,2
2018-11-28 00:55:32.741128,0.18181818181818182,0 days 00:34:52.776617000,2
2018-11-28 00:55:32.741128,0.0,0 days 00:01:44.331075000,1
2018-11-28 00:53:24.639774,0.0,-1 days +23:59:36.229721000,1
2018-11-28 01:01:32.741128,0.0,0 days 00:07:44.331075000,1
2018-11-28 00:56:45.806336,0.0,0 days 00:02:57.396283000,1
2018-11-28 01:04:51.471805,0.0707070707070707,0 days 00:11:03.061752000,1
2018-11-28 01:04:51.471805,0.0,0 days 00:00:00.000000000,0
2018-11-28 01:01:29.886109,0.0,0 days 00:00:00.000000000,0
2018-11-28 01:15:19.374050,0.0,0 days 00:00:00.000000000,1
2018-11-28 01:16:20.743734,0.0,0 days 00:01:01.369684000,1
2018-11-28 01:11:04.527711,0.0707070707070707,-1 days +23:55:45.153661000,1
2018-11-28 01:11:04.527711,0.0,0 days 00:00:00.000000000,0
2018-11-28 01:19:00.954220,0.0,0 days 00:00:00.000000000,0
2018-11-28 01:33:01.152686,0.0,0 days 00:00:00.000000000,1
2018-11-28 01:38:30.886109,0.2828282828282828,0 days 00:05:29.733423000,1
2018-11-28 01:38:30.886109,0.0,0 days 00:00:00.000000000,0
2018-11-28 01:35:29.741128,0.0,0 days 00:00:00.000000000,0
2018-11-28 01:16:38.806336,0.0,0 days 00:00:00.000000000,0
2018-11-28 01:34:31.471805,0.0,0 days 00:00:00.000000000,0
2018-11-28 01:40:20.639774,0.0,0 days 00:00:00.000000000,0
2018-11-28 01:39:06.743734,0.12121212121212122,0 days 00:00:00.000000000,0
2018-11-28 01:40:50.490351,0.0,0 days 00:00:00.000000000,0
2018-11-28 01:43:09.527711,0.0,0 days 00:00:00.000000000,0
2018-11-28 01:41:35.471805,0.0,0 days 00:00:00.000000000,0
2018-11-28 01:45:37.886109,0.0,0 days 00:00:00.000000000,0
2018-11-28 02:09:26.741128,0.0,0 days 00:00:00.000000000,0
2018-11-28 01:50:07.806336,0.2727272727272727,0 days 00:00:00.000000000,0
2018-11-28 01:50:01.954220,0.37373737373737376,0 days 00:00:00.000000000,0
2018-11-28 01:59:31.886109,0.37373737373737376,0 days 00:00:00.000000000,0
2018-11-28 02:16:21.490351,0.37373737373737376,0 days 00:00:00.000000000,0
2018-11-28 01:51:00.527711,0.37373737373737376,0 days 00:00:00.000000000,0
2018-11-28 02:04:48.527711,0.37373737373737376,0 days 00:00:00.000000000,0
2018-11-28 02:24:17.639774,0.37373737373737376,0 days 00:00:00.000000000,0
2018-11-28 02:14:01.471805,0.37373737373737376,0 days 00:00:00.000000000,0
2018-11-28 02:14:33.886109,0.37373737373737376,0 days 00:00:00.000000000,0
2018-11-28 02:50:18.490351,0.37373737373737376,0 days 00:00:00.000000000,0
2018-11-28 02:43:23.741128,0.5353535353535354,0 days 00:00:00.000000000,0
2018-11-28 02:42:59.527711,0.5757575757575758,0 days 00:00:00.000000000,0
2018-11-28 03:02:28.639774,0.6767676767676768,0 days 00:00:00.000000000,0
2018-11-28 02:57:53.471805,0.7171717171717171,0 days 00:00:00.000000000,0
2018-11-28 02:58:25.886109,0.8888888888888888,0 days 00:00:00.000000000,0
2018-11-28 03:12:45.912010,0.7272727272727273,0 days 00:00:00.000000000,0
2018-11-28 03:15:50.490351,0.7272727272727273,0 days 00:00:00.000000000,0
2018-11-28 03:21:50.912010,0.7272727272727273,0 days 00:00:00.000000000,0
2018-11-28 03:23:34.376292,0.6666666666666666,0 days 00:00:00.000000000,0
2018-11-28 03:25:23.690069,0.5757575757575758,0 days 00:00:00.000000000,0
2018-11-28 03:36:59.604576,0.5353535353535354,0 days 00:00:00.000000000,0
2018-11-28 03:37:11.376292,0.5353535353535354,0 days 00:00:00.000000000,0
2018-11-28 03:38:45.133892,0.35353535353535354,0 days 00:00:00.000000000,0
2018-11-28 03:44:45.133892,0.35353535353535354,0 days 00:00:00.000000000,0
2018-11-28 03:46:39.490351,0.47474747474747475,0 days 00:00:00.000000000,0
2018-11-28 03:45:15.690069,0.47474747474747475,0 days 00:00:00.000000000,0
2018-11-28 03:46:41.604576,0.47474747474747475,0 days 00:00:00.000000000,0
2018-11-28 03:59:57.376292,0.47474747474747475,0 days 00:00:00.000000000,0
2018-11-28 03:52:39.912010,0.47474747474747475,0 days 00:00:00.000000000,0
2018-11-28 04:14:11.663960,0.35353535353535354,0 days 00:00:00.000000000,0
2018-11-28 04:18:42.133892,0.35353535353535354,0 days 00:00:00.000000000,0
2018-11-28 04:08:01.690069,0.35353535353535354,0 days 00:00:00.000000000,0
2018-11-28 04:08:40.604576,0.35353535353535354,0 days 00:00:00.000000000,0
2018-11-28 04:22:43.376292,0.35353535353535354,0 days 00:00:00.000000000,0
2018-11-28 04:42:23.690069,0.35353535353535354,0 days 00:00:00.000000000,0
2018-11-28 04:28:41.604576,0.35353535353535354,0 days 00:00:00.000000000,0
2018-11-28 04:48:06.376292,0.41414141414141414,0 days 00:00:00.000000000,0
2018-11-28 04:43:04.912010,0.41414141414141414,0 days 00:00:00.000000000,0
2018-11-28 04:31:29.663960,0.41414141414141414,0 days 00:00:00.000000000,0
2018-11-28 04:48:47.133892,0.41414141414141414,0 days 00:00:00.000000000,0
2018-11-28 04:52:15.133892,0.5959595959595959,0 days 00:00:00.000000000,0
2018-11-28 04:54:15.663960,0.5959595959595959,0 days 00:00:00.000000000,0
2018-11-28 05:05:50.912010,0.7575757575757576,0 days 00:00:00.000000000,0
2018-11-28 05:11:16.690069,0.8484848484848485,0 days 00:00:00.000000000,0
2018-11-28 04:59:30.604576,0.8888888888888888,0 days 00:00:00.000000000,0
2018-11-28 05:12:16.663960,0.8888888888888888,0 days 00:00:00.000000000,0
2018-11-28 05:27:45.663960,0.9191919191919192,0 days 00:00:00.000000000,0
2018-11-28 05:45:10.842420,0.7575757575757576,0 days 00:00:00.000000000,0
2018-11-28 05:46:44.582472,0.5252525252525253,0 days 00:00:00.000000000,0
2018-11-28 05:51:05.656166,0.45454545454545453,0 days 00:00:00.000000000,0
2018-11-28 05:53:51.582472,0.45454545454545453,0 days 00:00:00.000000000,0
2018-11-28 05:59:23.842420,0.45454545454545453,0 days 00:00:00.000000000,0
2018-11-28 06:04:20.656166,0.45454545454545453,0 days 00:00:00.000000000,0
2018-11-28 06:07:45.582472,0.45454545454545453,0 days 00:00:00.000000000,0
2018-11-28 06:14:31.842420,0.45454545454545453,0 days 00:00:00.000000000,0
2018-11-28 06:35:09.656166,0.45454545454545453,0 days 00:00:00.000000000,0
2018-11-28 06:31:59.582472,0.45454545454545453,0 days 00:00:00.000000000,0
2018-11-28 06:37:13.440296,0.2727272727272727,0 days 00:00:00.000000000,0
2018-11-28 06:43:13.440296,0.2727272727272727,0 days 00:00:00.000000000,0
2018-11-28 06:48:59.842420,0.2727272727272727,0 days 00:00:00.000000000,0
2018-11-28 07:05:05.582472,0.5353535353535354,0 days 00:00:00.000000000,0
2018-11-28 07:08:59.656166,0.5353535353535354,0 days 00:00:00.000000000,0
2018-11-28 07:13:59.882372,0.2727272727272727,0 days 00:00:00.000000000,0
2018-11-28 07:17:10.440296,0.2727272727272727,0 days 00:00:00.000000000,0
2018-11-28 07:11:45.842420,0.5454545454545454,0 days 00:00:00.000000000,0
2018-11-28 07:29:01.805576,0.2727272727272727,0 days 00:00:00.000000000,0
2018-11-28 07:31:06.440296,0.2727272727272727,0 days 00:00:00.000000000,0
2018-11-28 07:37:04.030272,0.23232323232323232,0 days 00:00:00.000000000,0
2018-11-28 07:37:49.882372,0.23232323232323232,0 days 00:00:00.000000000,0
2018-11-28 07:33:59.656166,0.30303030303030304,0 days 00:00:00.000000000,0
2018-11-28 07:49:37.805576,0.30303030303030304,0 days 00:00:00.000000000,0
2018-11-28 07:50:40.348218,0.23232323232323232,0 days 00:00:00.000000000,0
2018-11-28 08:01:24.959821,0.16161616161616163,0 days 00:00:00.000000000,0
2018-11-28 08:05:52.995932,0.12121212121212122,0 days 00:00:00.000000000,0
2018-11-28 08:14:58.440296,0.30303030303030304,0 days 00:00:00.000000000,0
2018-11-28 07:38:43.030272,0.30303030303030304,0 days 00:00:00.000000000,0
2018-11-28 08:11:46.882372,0.30303030303030304,0 days 00:00:00.000000000,0
2018-11-28 07:59:43.805576,0.30303030303030304,0 days 00:00:00.000000000,0
2018-11-28 08:11:01.348218,0.30303030303030304,0 days 00:00:00.000000000,0
2018-11-28 08:25:42.882372,0.30303030303030304,0 days 00:00:00.000000000,0
2018-11-28 08:25:05.805576,0.30303030303030304,0 days 00:00:00.000000000,0
2018-11-28 08:11:17.030272,0.30303030303030304,0 days 00:00:00.000000000,0
2018-11-28 08:26:02.959821,0.30303030303030304,0 days 00:00:00.000000000,0
2018-11-28 08:29:47.983294,0.18181818181818182,0 days 00:00:00.000000000,0
2018-11-28 08:33:27.995932,0.18181818181818182,0 days 00:00:00.000000000,0
2018-11-28 08:34:14.326916,0.0,0 days 00:00:00.000000000,0
2018-11-28 08:43:51.030272,0.0,0 days 00:00:00.000000000,0
2018-11-28 08:38:40.983294,0.0,0 days 00:00:00.000000000,0
2018-11-28 08:50:05.805576,0.2727272727272727,0 days 00:00:00.000000000,0
2018-11-28 08:41:55.326916,0.2727272727272727,0 days 00:00:00.000000000,0
2018-11-28 08:57:45.638092,0.0,0 days 00:00:00.000000000,0
2018-11-28 09:04:40.448925,0.0,0 days 00:00:00.000000000,1
2018-11-28 09:12:38.882372,0.2828282828282828,0 days 00:07:58.433447000,1
2018-11-28 09:12:38.882372,0.0,0 days 00:00:00.000000000,0
2018-11-28 08:59:08.959821,0.0,0 days 00:00:00.000000000,0
2018-11-28 09:06:33.995932,0.0,0 days 00:00:00.000000000,0
2018-11-28 08:44:07.348218,0.0,0 days 00:00:00.000000000,0
2018-11-28 09:16:25.030272,0.0707070707070707,0 days 00:00:00.000000000,0
2018-11-28 09:25:36.983294,0.0707070707070707,0 days 00:00:00.000000000,0
2018-11-28 09:15:01.326916,0.0707070707070707,0 days 00:00:00.000000000,0
2018-11-28 09:11:58.638092,0.0707070707070707,0 days 00:00:00.000000000,0
2018-11-28 09:37:45.882372,0.0707070707070707,0 days 00:00:00.000000000,0
2018-11-28 09:33:26.959821,0.0707070707070707,0 days 00:00:00.000000000,0
2018-11-28 09:24:42.995932,0.0707070707070707,0 days 00:00:00.000000000,0
2018-11-28 09:22:17.348218,0.0707070707070707,0 days 00:00:00.000000000,0
2018-11-28 09:43:54.741014,0.0,0 days 00:00:00.000000000,0
2018-11-28 09:45:24.867593,0.0,0 days 00:00:00.000000000,1
2018-11-28 09:49:40.959821,0.10101010101010101,0 days 00:04:16.092228000,1
2018-11-28 09:49:40.959821,0.0,0 days 00:00:00.000000000,0
2018-11-28 09:37:14.326916,0.0,0 days 00:00:00.000000000,0
2018-11-28 09:44:09.638092,0.0,0 days 00:00:00.000000000,0
2018-11-28 10:00:31.882372,0.0,0 days 00:00:00.000000000,0
2018-11-28 10:03:42.546876,0.0,0 days 00:00:00.000000000,1
2018-11-28 10:11:42.959821,0.0,0 days 00:08:00.412945000,1
2018-11-28 09:58:11.995932,0.10101010101010101,-1 days +23:54:29.449056000,1
2018-11-28 09:58:11.995932,0.0,0 days 00:00:00.000000000,0
2018-11-28 09:56:14.348218,0.0707070707070707,0 days 00:00:00.000000000,0
2018-11-28 10:02:30.741014,0.0707070707070707,0 days 00:00:00.000000000,0
2018-11-28 10:19:24.983294,0.0707070707070707,0 days 00:00:00.000000000,0
2018-11-28 10:04:15.326916,0.25252525252525254,0 days 00:00:00.000000000,0
2018-11-28 10:00:15.638092,0.25252525252525254,0 days 00:00:00.000000000,0
2018-11-28 10:31:52.958468,0.18181818181818182,0 days 00:00:00.000000000,0
2018-11-28 10:32:18.882372,0.18181818181818182,0 days 00:00:00.000000000,0
2018-11-28 10:33:24.959821,0.18181818181818182,0 days 00:00:00.000000000,0
2018-11-28 10:23:59.995932,0.18181818181818182,0 days 00:00:00.000000000,0
2018-11-28 10:40:47.037065,0.0,0 days 00:00:00.000000000,0
2018-11-28 10:46:18.995932,0.0,0 days 00:00:00.000000000,0
2018-11-28 10:42:10.983294,0.12121212121212122,0 days 00:00:00.000000000,0
2018-11-28 10:49:26.741014,0.12121212121212122,0 days 00:00:00.000000000,0
2018-11-28 10:48:28.037065,0.12121212121212122,0 days 00:00:00.000000000,0
2018-11-28 10:54:28.119679,0.0,0 days 00:00:00.000000000,0
2018-11-28 10:54:37.882372,0.2828282828282828,0 days 00:00:00.000000000,0
2018-11-28 10:58:25.959821,0.2828282828282828,0 days 00:00:00.000000000,0
2018-11-28 10:47:11.638092,0.46464646464646464,0 days 00:00:00.000000000,0
2018-11-28 10:59:52.958468,0.46464646464646464,0 days 00:00:00.000000000,0
2018-11-28 11:01:35.331194,0.2828282828282828,0 days 00:00:00.000000000,0
2018-11-28 11:03:22.995932,0.2828282828282828,0 days 00:00:00.000000000,0
2018-11-28 11:20:50.741014,0.2828282828282828,0 days 00:00:00.000000000,0
2018-11-28 11:14:27.331194,0.2828282828282828,0 days 00:00:00.000000000,0
2018-11-28 11:13:32.119679,0.2828282828282828,0 days 00:00:00.000000000,0
2018-11-28 11:25:18.026693,0.0,0 days 00:00:00.000000000,0
2018-11-28 11:35:26.959821,0.10101010101010101,0 days 00:00:00.000000000,0
2018-11-28 11:45:24.331194,0.10101010101010101,0 days 00:00:00.000000000,0
2018-11-28 11:21:34.037065,0.10101010101010101,0 days 00:00:00.000000000,0
2018-11-28 11:25:21.995932,0.20202020202020202,0 days 00:00:00.000000000,0
2018-11-28 11:39:23.741014,0.24242424242424243,0 days 00:00:00.000000000,0
2018-11-28 11:39:43.037065,0.24242424242424243,0 days 00:00:00.000000000,0
2018-11-28 11:46:06.119679,0.24242424242424243,0 days 00:00:00.000000000,0
2018-11-28 11:43:55.026693,0.24242424242424243,0 days 00:00:00.000000000,0
2018-11-28 11:57:49.331194,0.24242424242424243,0 days 00:00:00.000000000,0
2018-11-28 11:46:48.958468,0.24242424242424243,0 days 00:00:00.000000000,0
2018-11-28 12:09:35.563544,0.20202020202020202,0 days 00:00:00.000000000,0
2018-11-28 12:18:08.760051,0.10101010101010101,0 days 00:00:00.000000000,0
2018-11-28 12:26:39.037065,0.2828282828282828,0 days 00:00:00.000000000,0
2018-11-28 12:13:40.119679,0.2828282828282828,0 days 00:00:00.000000000,0
2018-11-28 12:29:10.563544,0.2828282828282828,0 days 00:00:00.000000000,0
2018-11-28 12:30:55.331194,0.5353535353535354,0 days 00:00:00.000000000,0
2018-11-28 12:27:37.958468,0.5353535353535354,0 days 00:00:00.000000000,0
2018-11-28 12:30:51.026693,0.5353535353535354,0 days 00:00:00.000000000,0
2018-11-28 12:42:46.760051,0.5353535353535354,0 days 00:00:00.000000000,0
2018-11-28 12:28:51.119679,0.5959595959595959,0 days 00:00:00.000000000,0
2018-11-28 12:54:10.563544,0.5959595959595959,0 days 00:00:00.000000000,0
2018-11-28 12:44:15.958468,0.6363636363636364,0 days 00:00:00.000000000,0
2018-11-28 13:01:18.785666,0.41414141414141414,0 days 00:00:00.000000000,0
2018-11-28 13:10:56.026693,0.41414141414141414,0 days 00:00:00.000000000,0
2018-11-28 13:11:10.760051,0.41414141414141414,0 days 00:00:00.000000000,0
2018-11-28 13:16:13.593173,0.35353535353535354,0 days 00:00:00.000000000,0
2018-11-28 13:18:37.026693,0.5959595959595959,0 days 00:00:00.000000000,0
2018-11-28 13:15:31.785666,0.5959595959595959,0 days 00:00:00.000000000,0
2018-11-28 13:36:26.563544,0.5959595959595959,0 days 00:00:00.000000000,0
2018-11-28 13:17:47.760051,0.5959595959595959,0 days 00:00:00.000000000,0
2018-11-28 13:25:06.593173,0.5959595959595959,0 days 00:00:00.000000000,0
2018-11-28 13:47:42.785666,0.5959595959595959,0 days 00:00:00.000000000,0
2018-11-28 13:50:52.825915,0.41414141414141414,0 days 00:00:00.000000000,0
2018-11-28 14:12:02.593173,0.41414141414141414,0 days 00:00:00.000000000,0
2018-11-28 13:55:58.760051,0.5050505050505051,0 days 00:00:00.000000000,0
2018-11-28 14:17:22.418025,0.2727272727272727,0 days 00:00:00.000000000,0
2018-11-28 14:20:18.563544,0.31313131313131315,0 days 00:00:00.000000000,0
2018-11-28 14:09:29.785666,0.31313131313131315,0 days 00:00:00.000000000,0
2018-11-28 13:58:33.825915,0.31313131313131315,0 days 00:00:00.000000000,0
2018-11-28 14:21:38.693098,0.24242424242424243,0 days 00:00:00.000000000,0
2018-11-28 14:29:34.825915,0.24242424242424243,0 days 00:00:00.000000000,0
2018-11-28 14:32:15.785666,0.48484848484848486,0 days 00:00:00.000000000,0
2018-11-28 14:45:36.825915,0.48484848484848486,0 days 00:00:00.000000000,0
2018-11-28 14:36:11.418025,0.48484848484848486,0 days 00:00:00.000000000,0
2018-11-28 14:35:08.693098,0.48484848484848486,0 days 00:00:00.000000000,0
2018-11-28 14:53:41.693098,0.48484848484848486,0 days 00:00:00.000000000,0
2018-11-28 15:05:50.593173,0.48484848484848486,0 days 00:00:00.000000000,0
2018-11-28 15:07:12.418025,0.48484848484848486,0 days 00:00:00.000000000,0
2018-11-28 15:16:26.418025,0.48484848484848486,0 days 00:00:00.000000000,0
2018-11-28 15:28:36.593173,0.5454545454545454,0 days 00:00:00.000000000,0
2018-11-28 15:29:28.825915,0.7070707070707071,0 days 00:00:00.000000000,0
2018-11-28 15:23:46.693098,0.7070707070707071,0 days 00:00:00.000000000,0
2018-11-28 15:27:14.693098,0.7474747474747475,0 days 00:00:00.000000000,0
2018-11-28 15:54:37.418025,0.9191919191919192,0 days 00:00:00.000000000,0
